종목코드,7/3/23,7/4/23,7/5/23,7/6/23,7/7/23,7/10/23,7/11/23,7/12/23,7/13/23,7/14/23,7/17/23,7/18/23,7/19/23,7/20/23,7/21/23,7/24/23,7/25/23,7/26/23,7/27/23,7/28/23,7/31/23,8/1/23,8/2/23,8/3/23,8/4/23,8/7/23,8/8/23,8/9/23,8/10/23,8/11/23,8/14/23,8/15/23,8/16/23,8/17/23,8/18/23,8/21/23,8/22/23,8/23/23,8/24/23,8/25/23,8/28/23,8/29/23,8/30/23,8/31/23,9/1/23,9/4/23,9/5/23,9/6/23,9/7/23,9/8/23,9/11/23,9/12/23,9/13/23,9/14/23,9/15/23,9/18/23,9/19/23,9/20/23,9/21/23,9/22/23,9/25/23,9/26/23,9/27/23,9/28/23,9/29/23,10/2/23,10/3/23,10/4/23,10/5/23,10/6/23,10/9/23,10/10/23,10/11/23,10/12/23,10/13/23,10/16/23,10/17/23,10/18/23,10/19/23,10/20/23,10/23/23,10/24/23,10/25/23,10/26/23,10/27/23,10/30/23,10/31/23,11/1/23,11/2/23,11/3/23,11/6/23,11/7/23,11/8/23,11/9/23,11/10/23,11/13/23,11/14/23,11/15/23,11/16/23,11/17/23,11/20/23,11/21/23,11/22/23,11/23/23,11/24/23,11/27/23,11/28/23,11/29/23,11/30/23,12/1/23,12/4/23,12/5/23,12/6/23,12/7/23,12/8/23,12/11/23,12/12/23,12/13/23,12/14/23,12/15/23,12/18/23,12/19/23,12/20/23,12/21/23,12/22/23
5930,0,0,2,2,2,2,1,1,0,1,0,2,0,2,2,0,2,0,1,2,2,1,2,2,2,0,2,1,2,2,0,0,0,0,2,0,0,1,1,2,0,0,0,0,1,0,2,2,1,0,1,0,1,1,0,2,2,0,2,0,1,2,0,0,0,0,0,2,2,2,0,1,1,1,2,2,1,1,2,2,2,0,2,2,1,0,2,1,1,0,1,0,2,1,0,0,1,1,1,0,0,0,0,2,2,2,1,0,0,2,1,2,1,0,1,1,1,2,0,0,2,1,1,1,1
660,0,0,2,2,2,2,1,1,2,1,2,1,0,2,2,2,0,0,1,1,2,1,2,0,0,1,2,0,0,2,0,0,1,2,1,2,0,0,1,2,2,1,1,1,2,2,0,2,0,2,1,1,1,1,0,2,0,2,2,1,0,2,0,0,0,0,0,1,1,0,0,2,0,1,0,0,1,0,2,0,2,1,1,2,2,0,2,1,1,0,1,2,2,0,1,1,2,1,2,2,1,0,2,2,2,1,1,2,1,2,2,2,0,0,1,1,1,0,1,1,0,2,1,0,0
35420,0,0,2,1,0,2,1,1,2,1,1,1,2,0,1,2,2,2,1,0,1,1,2,2,0,1,2,1,2,2,0,0,1,2,2,1,1,2,1,2,1,1,0,2,0,2,0,1,1,2,2,1,1,1,1,2,2,2,2,2,2,2,0,0,0,0,0,2,2,1,0,0,1,0,2,2,2,2,2,2,2,1,1,2,1,0,1,0,1,1,1,2,2,0,2,2,1,1,2,0,0,1,1,2,0,0,1,0,0,2,1,1,0,0,1,0,2,0,1,1,2,0,2,2,2
35720,0,2,2,1,2,0,1,1,1,1,0,2,2,0,0,2,2,2,1,0,1,1,2,0,2,1,2,1,0,2,2,0,2,2,2,0,1,1,0,2,0,1,1,2,1,0,0,0,2,2,0,0,2,1,1,2,2,2,2,2,2,2,0,0,0,0,0,2,2,1,0,2,1,1,2,0,2,2,2,2,2,1,2,2,0,1,2,0,1,1,1,2,0,1,0,2,1,1,0,2,1,1,1,0,0,2,1,2,0,2,1,0,2,0,1,1,2,2,1,1,2,0,0,2,0
207940,0,0,1,2,2,2,1,1,1,2,2,2,1,2,1,2,2,2,1,2,2,1,2,1,2,0,0,1,1,0,2,0,2,2,0,1,2,2,0,2,2,0,0,2,2,0,0,2,2,0,1,2,0,1,0,0,0,2,2,2,2,2,0,0,0,0,0,1,1,1,0,2,0,0,2,2,1,2,1,2,2,1,2,1,2,0,2,2,1,2,1,0,0,2,0,2,0,1,0,2,0,0,0,0,2,2,1,0,2,2,0,0,2,1,0,2,0,0,0,1,0,1,1,2,1
5935,0,0,0,2,2,2,1,0,1,1,0,2,0,0,2,2,0,2,1,0,2,1,2,2,2,1,2,1,2,2,2,0,2,0,2,0,0,1,1,0,2,0,0,2,1,1,0,2,1,2,2,1,1,1,1,2,1,2,2,2,2,2,1,0,0,0,0,2,1,2,0,1,1,1,2,2,1,0,0,0,2,0,1,2,2,0,0,1,1,1,1,1,2,0,0,2,1,1,1,2,0,0,2,1,0,0,1,0,0,0,1,2,0,2,1,1,1,0,1,2,2,2,1,1,1
51910,0,2,2,2,2,0,0,0,1,1,2,1,1,0,1,1,1,0,2,2,0,1,2,0,2,2,0,1,1,2,2,0,2,2,2,0,1,2,0,2,1,2,1,1,2,1,1,2,2,2,2,0,2,1,1,0,2,0,2,2,2,2,2,0,0,0,0,2,1,0,0,0,1,1,0,2,1,2,2,2,0,1,2,2,1,1,2,2,1,1,1,2,2,2,2,2,1,1,0,1,1,1,1,1,2,2,0,0,2,2,2,0,0,2,1,2,2,2,1,1,1,1,1,2,2
6400,0,2,0,2,2,2,0,0,1,0,2,1,2,2,0,1,0,2,2,0,0,1,2,2,2,2,0,1,2,1,2,0,2,1,2,2,1,2,1,0,1,0,1,1,2,1,1,2,2,2,2,2,0,1,2,2,2,1,2,2,2,0,2,0,0,0,0,2,1,2,0,1,1,1,2,2,1,2,2,2,2,1,2,2,1,0,2,0,1,1,1,2,2,2,2,2,1,1,1,2,1,1,1,1,2,2,0,1,0,2,2,1,2,1,1,2,0,2,1,1,0,0,1,2,2
5380,0,0,2,0,2,1,1,2,0,1,2,2,0,2,0,0,1,2,0,2,0,1,2,0,0,2,0,1,2,1,2,0,2,2,1,0,1,0,2,0,0,1,1,1,2,0,0,0,0,2,0,0,1,0,1,2,2,1,2,0,1,2,0,0,0,0,0,0,0,1,0,2,1,2,0,0,1,1,2,2,1,2,0,2,2,2,2,0,1,1,1,2,2,0,2,0,1,1,1,0,0,0,2,1,0,0,0,0,0,2,2,0,1,0,1,0,0,0,0,1,0,0,1,2,1
68270,0,2,1,0,2,0,2,1,1,1,2,2,0,0,1,2,2,2,1,0,1,1,2,1,0,2,2,1,1,0,2,0,2,2,1,2,2,2,1,2,1,1,0,2,0,1,1,0,0,1,1,2,0,1,2,0,2,0,2,2,0,2,1,0,0,0,0,2,2,1,0,1,0,1,0,0,0,2,0,0,2,1,0,0,0,0,0,0,0,0,1,2,1,0,0,0,1,1,1,0,1,1,0,0,2,2,1,2,1,0,0,0,2,2,1,1,1,2,1,2,1,1,1,1,2
270,0,0,2,1,2,0,1,0,2,1,2,2,0,2,0,2,1,2,1,1,2,1,2,1,0,2,1,1,0,1,2,0,2,1,0,0,1,0,0,2,0,1,0,0,2,0,2,0,2,2,0,0,1,1,1,2,0,1,2,0,1,2,1,0,0,0,0,1,1,1,0,2,0,0,0,0,2,1,0,2,1,2,0,2,2,2,2,1,1,2,1,2,2,1,2,0,1,1,1,1,2,2,2,1,0,0,1,1,0,0,2,0,0,1,1,1,0,0,0,1,0,0,1,1,1
5490,0,0,0,2,1,2,2,1,1,1,1,1,1,0,1,1,1,2,2,1,1,2,2,1,0,2,1,0,0,2,0,0,2,1,2,0,1,2,1,0,1,2,2,0,2,1,1,2,2,1,2,2,2,1,1,1,2,0,2,2,2,2,0,0,0,0,0,2,0,1,0,2,1,1,2,2,2,2,2,2,0,1,2,2,0,1,2,2,1,1,1,2,2,1,2,1,1,1,2,2,1,0,0,1,2,2,1,1,0,2,0,2,2,2,1,2,0,2,1,1,1,1,0,2,2
66570,0,1,0,2,2,2,0,1,1,1,2,2,0,2,2,2,2,2,1,2,2,1,2,2,2,0,2,1,2,1,2,0,2,0,2,0,0,0,1,2,1,0,0,2,1,1,0,2,2,2,0,0,1,0,1,2,2,2,0,0,0,2,0,0,0,0,0,2,1,0,0,1,1,2,2,0,1,0,0,2,2,1,1,2,2,1,2,1,2,1,1,2,2,1,0,2,1,1,1,2,1,1,2,2,2,2,0,2,2,0,2,2,2,2,2,0,1,2,1,0,2,1,1,1,1
28260,0,2,2,2,2,1,0,0,1,1,0,2,0,0,1,2,0,2,1,0,0,1,2,1,2,2,0,0,0,1,0,0,2,0,2,0,1,0,1,0,1,0,2,2,1,0,2,0,0,1,0,0,0,0,1,2,1,0,0,0,1,2,0,0,0,0,0,2,2,0,0,1,0,1,0,2,0,1,2,0,2,2,1,2,0,1,1,0,1,0,1,0,1,1,2,1,2,1,0,0,2,1,0,0,2,1,1,2,1,2,1,0,0,1,1,0,1,0,1,2,0,2,0,0,2
12330,0,2,1,0,0,0,1,2,0,1,2,2,1,2,0,2,0,2,0,2,0,1,2,1,0,2,0,1,2,1,0,0,2,1,0,0,0,2,0,0,1,1,1,0,1,1,0,0,0,2,2,1,1,0,1,2,1,1,2,1,1,2,2,0,0,0,0,2,0,0,0,0,0,0,2,2,2,1,2,2,0,0,1,2,1,2,2,1,1,0,1,2,2,1,0,2,0,1,1,0,2,1,2,1,0,0,1,2,2,2,2,0,2,0,1,0,0,0,2,1,0,0,1,1,1
96770,0,1,0,2,0,2,1,1,0,2,0,1,2,1,1,1,1,0,2,1,1,2,2,1,2,2,2,0,0,0,2,0,2,0,2,1,1,2,0,2,1,2,1,2,2,1,0,2,2,2,2,2,2,1,2,1,0,0,2,2,2,2,2,0,0,0,0,2,2,2,0,2,1,1,0,1,0,2,2,2,2,1,2,2,0,1,2,2,1,1,1,2,2,2,2,0,1,1,2,2,1,1,0,0,2,2,1,1,1,2,1,0,0,2,1,2,2,2,1,1,2,1,1,2,1
51900,0,2,2,2,2,1,1,1,0,1,1,2,2,2,0,2,0,2,1,2,1,1,1,2,1,2,2,0,1,2,0,0,2,2,2,2,2,2,1,1,1,2,1,2,1,2,2,2,2,0,2,1,2,1,1,0,0,2,2,2,1,2,0,0,0,0,0,2,2,2,0,0,0,1,2,2,1,2,2,2,1,2,1,2,2,0,1,1,0,1,1,2,0,2,2,2,1,1,1,2,1,1,2,0,2,1,2,2,1,2,2,0,0,2,1,0,1,1,1,1,0,1,0,2,0
17670,0,2,2,2,2,1,1,1,0,0,2,0,2,0,1,0,2,0,1,2,1,1,0,2,1,1,2,0,0,0,1,0,0,0,0,0,0,0,0,0,0,1,1,2,0,0,1,2,1,1,0,0,1,1,0,1,0,0,0,1,0,1,1,0,0,0,0,2,2,1,0,1,2,0,0,1,1,0,0,2,2,1,0,2,1,0,2,0,0,1,0,2,2,1,0,1,1,0,0,1,0,0,0,0,0,1,0,2,1,2,0,2,1,2,2,0,0,0,1,0,2,0,0,0,2
105560,0,2,2,2,0,1,1,2,0,1,0,2,0,0,1,2,0,1,1,2,0,1,0,2,1,2,1,2,1,0,0,0,2,1,0,0,1,1,1,2,0,1,2,1,2,1,0,1,0,0,1,2,1,1,1,0,2,1,1,0,0,2,2,0,0,0,0,2,2,1,0,1,2,1,0,0,0,1,2,2,2,1,2,2,2,2,1,0,2,1,1,2,0,1,0,2,1,1,2,1,2,0,1,0,2,2,0,2,1,2,2,0,1,2,1,0,1,2,1,1,2,2,1,0,2
55550,0,2,2,2,2,1,1,1,0,1,0,2,0,1,0,2,2,1,1,2,0,1,2,2,0,1,0,2,2,0,0,0,2,1,0,1,0,0,0,0,1,0,2,0,0,1,0,0,0,0,1,2,1,0,1,2,2,1,2,0,2,2,0,0,0,0,0,2,2,1,0,1,0,0,0,0,2,1,2,0,2,0,1,2,0,2,1,1,2,1,1,2,0,0,1,0,1,1,0,2,1,1,0,0,2,0,1,2,1,2,1,0,0,2,1,0,1,0,1,1,2,2,1,2,2
34730,0,2,0,2,2,1,1,1,0,1,2,0,0,1,0,0,0,2,1,1,1,1,2,0,0,2,2,2,2,0,2,0,2,2,2,1,1,0,1,0,1,0,1,2,1,1,2,2,2,1,0,2,0,1,1,2,0,1,2,0,0,2,0,0,0,0,0,2,2,2,0,1,1,1,2,2,0,2,0,2,2,0,1,2,2,1,2,1,1,1,1,2,0,0,0,2,1,1,0,2,0,0,0,0,2,1,1,2,2,1,1,1,0,0,1,0,0,0,1,1,2,1,1,2,2
36570,0,2,0,2,2,1,1,0,1,1,2,2,1,2,0,2,2,2,1,1,1,1,2,2,1,1,2,2,0,1,0,0,2,2,2,1,0,2,1,2,1,1,0,2,1,0,2,2,0,2,1,0,2,1,1,2,0,0,2,2,2,2,2,0,0,0,0,2,0,0,0,1,1,0,2,2,1,1,2,2,2,1,0,2,1,0,1,1,1,1,0,2,1,1,2,2,1,1,2,2,1,1,1,2,1,1,2,2,2,1,0,2,2,2,2,1,2,2,1,1,1,1,2,1,2
11200,0,0,2,2,2,2,2,1,1,1,2,2,0,1,2,2,2,1,1,1,2,1,2,1,0,2,2,0,1,0,2,0,1,1,2,1,2,0,0,2,1,1,2,2,0,1,0,2,0,1,2,2,2,1,1,0,2,1,0,2,2,0,2,0,0,0,0,2,2,2,0,2,0,0,2,1,0,1,0,2,2,1,1,2,1,0,2,1,0,1,1,2,1,0,1,2,2,1,2,2,1,1,1,1,2,2,1,0,0,1,1,2,0,2,1,0,1,2,1,2,1,1,1,2,1
15760,0,0,2,2,2,0,1,1,1,2,2,1,0,1,2,2,0,2,1,2,2,1,2,1,0,2,1,0,2,0,2,0,2,2,2,2,1,1,0,2,1,0,0,2,0,1,2,0,0,1,2,2,0,1,0,2,0,1,2,0,1,2,0,0,0,0,0,2,2,1,0,0,0,2,0,2,0,2,2,2,2,0,1,2,1,1,0,2,2,1,1,1,1,2,2,1,2,0,1,1,0,1,1,1,0,1,0,2,1,1,0,0,0,1,2,0,0,2,0,0,2,2,0,0,1
32830,0,2,2,0,0,1,1,0,2,1,2,2,0,0,0,2,0,2,1,2,1,0,0,2,1,1,0,0,2,0,2,0,2,2,2,0,0,1,2,1,1,0,0,0,0,0,0,2,0,1,1,0,1,0,1,2,1,1,0,1,2,2,2,0,0,0,0,1,0,0,0,1,2,1,1,2,0,1,0,0,2,2,1,0,2,0,1,1,2,0,2,0,2,1,1,0,0,0,0,2,0,0,0,1,2,0,1,2,1,2,0,0,0,2,1,0,1,0,0,1,2,0,1,1,0
18260,0,2,2,0,2,0,1,0,0,1,1,2,2,0,2,2,2,2,1,2,1,1,2,2,1,1,2,0,1,2,1,0,2,0,1,1,2,1,1,2,1,2,1,0,1,0,0,1,1,2,2,2,0,1,1,2,2,1,2,1,0,2,0,0,0,0,0,1,0,1,0,2,1,0,2,0,1,0,2,2,2,1,0,2,1,1,2,0,0,2,2,1,1,1,0,0,0,1,2,0,2,0,0,1,1,1,0,1,1,0,2,1,2,0,1,1,2,1,2,2,1,2,1,0,1
9150,0,2,2,0,2,2,1,0,1,1,1,2,2,0,2,1,2,2,1,2,1,1,1,2,2,0,1,0,2,1,2,0,2,2,1,2,1,1,1,2,2,2,2,2,1,1,1,2,2,1,0,1,0,1,0,2,0,0,2,0,0,2,1,0,0,0,0,2,0,2,0,1,1,1,0,2,1,1,2,2,0,1,1,2,2,1,2,1,1,1,1,2,2,1,1,0,0,1,0,1,2,0,0,0,2,1,1,1,0,1,2,0,1,2,1,0,0,0,1,0,2,2,1,0,1
90430,0,0,2,2,0,0,1,1,2,1,1,2,0,2,1,2,2,2,1,0,1,1,1,2,1,1,2,1,1,0,1,0,2,2,2,2,2,1,1,1,1,0,1,1,0,0,2,0,2,0,0,2,0,0,1,0,2,2,2,2,1,2,0,0,0,0,0,0,2,2,0,0,2,2,1,2,1,0,2,2,1,1,1,0,2,2,1,1,2,1,1,0,2,1,2,2,2,1,2,1,0,2,2,0,2,1,2,0,2,2,2,1,2,2,0,1,0,1,1,2,0,0,1,1,2
86790,0,2,2,2,2,1,1,0,2,1,2,0,2,1,1,2,0,1,1,2,2,1,2,2,0,0,0,2,0,1,0,0,2,0,2,1,0,1,2,1,1,1,2,1,0,1,0,1,0,0,1,0,1,1,1,0,0,1,1,0,2,2,0,0,0,0,0,2,2,1,0,1,2,1,1,0,2,1,2,2,2,0,1,2,2,2,2,1,2,1,1,2,2,0,1,0,1,1,0,2,0,1,0,1,2,0,0,2,1,0,0,0,0,2,1,0,1,2,0,1,2,0,1,0,2
251270,0,2,2,2,2,2,1,1,1,1,1,1,2,2,1,2,2,2,1,2,1,1,2,2,0,1,2,1,2,1,2,0,0,2,0,2,2,2,1,0,1,1,1,2,1,1,2,2,0,2,1,1,2,2,1,0,2,2,2,2,0,2,2,0,0,0,0,2,1,1,0,1,1,0,1,2,1,2,2,2,0,1,0,2,1,1,1,0,2,1,1,2,1,2,0,2,1,1,2,2,1,1,0,1,1,1,1,2,1,2,0,2,2,1,1,2,2,2,2,2,1,0,1,0,2
3670,0,1,1,2,1,1,2,2,0,1,1,1,1,2,1,1,1,2,2,1,1,2,2,1,2,2,1,1,2,2,2,0,2,1,2,1,1,2,1,2,1,2,0,2,2,1,1,2,2,1,2,2,2,1,1,0,2,1,2,2,2,0,2,0,0,0,0,2,2,0,0,2,1,1,0,2,1,2,2,2,1,1,2,2,1,1,2,2,1,1,1,2,2,2,2,2,1,1,2,2,1,1,0,1,2,2,1,1,2,2,1,2,2,1,1,2,0,2,1,1,1,2,1,0,2
352820,0,1,2,0,1,2,1,2,2,2,1,0,0,1,2,1,1,2,1,2,1,2,2,2,1,1,2,2,2,2,2,0,2,2,2,1,2,2,2,1,1,1,2,1,2,1,0,2,2,0,0,1,2,1,2,2,1,2,2,0,1,0,2,0,0,0,0,2,1,1,0,2,1,1,2,2,2,2,2,2,1,1,2,2,1,1,0,1,2,2,1,2,0,2,0,2,1,1,2,2,1,1,0,1,2,1,0,1,0,2,2,1,1,0,1,0,2,0,0,1,1,2,2,2,2
34020,0,2,2,2,0,1,1,2,1,2,2,2,1,2,2,2,1,2,1,1,0,0,1,2,0,2,0,1,2,0,2,0,2,0,2,0,0,1,1,1,1,1,1,1,2,2,2,2,0,1,1,2,1,1,1,2,1,2,2,2,2,2,1,0,0,0,0,2,2,2,0,2,1,2,2,2,0,1,2,2,0,1,0,2,0,1,2,0,1,0,1,2,0,2,2,2,1,1,0,2,1,0,2,1,1,0,1,2,1,2,1,1,0,0,2,2,1,2,1,0,2,2,1,2,2
10950,0,2,2,2,2,1,2,1,0,1,1,1,1,1,1,1,1,2,1,2,1,0,0,1,0,1,2,0,1,2,2,0,2,2,1,1,2,0,2,0,1,2,2,2,0,1,0,1,0,0,1,2,1,2,1,2,0,2,2,0,1,0,1,0,0,0,0,2,2,1,0,1,2,2,1,0,2,1,2,2,2,0,0,2,0,1,2,0,1,1,1,2,2,2,0,1,1,1,2,2,1,1,0,0,0,0,0,2,2,1,1,2,2,2,1,0,0,2,1,1,0,1,1,2,1
33780,0,2,0,0,0,0,1,0,1,0,2,0,0,0,0,0,0,1,1,2,2,1,0,1,1,1,2,0,1,0,1,0,2,0,1,0,0,0,0,1,0,0,2,1,0,0,0,0,1,0,0,2,1,1,0,1,2,1,2,2,0,2,0,0,0,0,0,2,1,1,0,1,1,1,2,1,2,1,0,2,0,0,0,2,0,2,0,1,0,0,1,0,2,1,1,1,1,1,2,2,0,0,0,2,0,0,0,2,0,1,0,1,0,1,2,1,0,0,2,0,0,0,0,2,2
3490,0,1,1,2,2,1,1,1,2,1,2,0,2,1,2,2,2,2,1,2,0,1,2,2,0,2,1,2,1,1,2,0,2,2,2,2,0,0,0,2,0,0,2,2,0,1,2,2,0,1,2,0,0,0,1,2,0,0,2,2,0,0,2,0,0,0,0,2,1,2,0,2,0,1,2,2,1,1,2,2,1,1,0,2,0,1,1,2,0,1,1,2,0,1,2,2,1,1,0,1,2,1,2,1,2,2,1,2,1,0,1,2,2,1,1,0,1,0,1,1,2,1,1,1,2
810,0,2,0,2,0,1,1,1,2,1,2,2,0,2,1,2,1,2,1,2,1,2,1,2,1,0,1,2,0,1,0,0,2,0,1,1,0,1,2,1,0,0,2,0,0,2,0,1,1,1,1,2,0,2,1,2,1,2,2,1,2,0,2,0,0,0,0,0,2,1,0,1,2,0,0,1,2,1,2,0,2,2,1,0,2,1,1,1,2,2,1,2,2,1,1,1,2,2,1,2,1,0,1,1,0,1,1,2,2,2,0,1,1,2,2,0,1,0,0,1,2,2,1,1,2
10130,0,2,2,0,2,1,1,0,1,1,2,0,0,1,2,1,1,2,2,0,1,1,0,1,2,2,1,0,2,0,2,0,2,0,2,1,1,2,1,1,1,2,1,2,2,1,0,0,2,1,0,2,1,0,1,2,2,0,2,0,0,2,2,0,0,0,0,2,1,2,0,0,2,0,0,2,1,1,2,2,2,1,1,2,1,1,2,2,1,1,1,2,2,2,0,0,0,1,2,1,1,0,0,2,0,2,1,0,0,1,1,1,1,2,2,2,0,0,1,1,1,2,1,0,1
9540,0,1,1,2,0,1,1,1,1,0,2,2,1,2,0,1,1,2,2,1,0,1,2,2,1,2,1,2,2,2,2,0,2,2,1,2,0,0,0,2,1,1,0,1,2,1,2,0,2,0,1,2,0,1,1,2,0,2,2,2,0,2,2,0,0,0,0,2,2,2,0,1,1,2,2,1,1,2,2,2,2,0,1,2,2,2,2,1,1,1,1,2,2,2,2,2,0,1,0,2,1,0,1,0,2,1,1,0,1,0,1,2,2,2,0,2,1,2,1,0,2,2,1,2,1
326030,0,1,2,2,2,2,0,0,1,1,0,2,1,1,0,2,2,1,0,2,0,1,1,1,1,2,0,1,0,2,1,0,2,2,2,1,2,2,0,2,0,1,1,2,2,0,2,0,2,1,1,1,2,1,2,0,2,2,2,2,2,2,1,0,0,0,0,2,0,1,0,2,1,1,2,0,2,2,2,2,1,1,0,2,2,1,2,0,1,0,1,1,1,2,1,2,0,1,2,2,1,1,1,1,2,2,1,2,1,2,1,1,2,1,0,2,1,0,1,1,0,0,1,2,1
11170,0,2,0,2,2,0,0,0,0,1,2,2,2,1,2,0,2,2,1,0,1,1,2,2,0,2,2,2,2,2,2,0,2,0,2,1,2,2,0,1,1,1,0,1,2,1,2,1,2,1,2,0,1,1,1,2,1,2,2,2,0,0,2,0,0,0,0,2,2,1,0,1,0,1,2,1,2,2,2,2,2,1,1,2,1,1,0,2,1,1,1,0,0,0,2,2,1,1,2,1,1,0,0,2,0,1,1,2,2,1,2,1,2,1,2,0,0,0,1,2,2,2,1,2,2
30200,0,2,0,1,2,2,0,1,1,1,2,2,0,0,1,0,2,2,1,2,2,1,2,2,1,1,0,0,0,1,0,0,0,0,1,0,2,0,1,0,1,0,2,0,2,0,0,2,0,1,2,2,1,1,1,2,0,1,0,0,1,0,1,0,0,0,0,0,2,0,0,1,0,2,2,1,1,0,2,2,0,2,0,0,0,0,1,1,0,0,1,2,0,1,0,0,0,0,0,0,0,0,2,1,2,1,1,2,1,2,1,1,1,0,0,1,0,1,1,0,2,1,1,2,2
18880,0,2,0,1,2,1,1,0,2,1,2,2,1,2,2,2,2,2,1,2,0,1,2,1,0,2,1,1,1,2,0,0,2,0,2,2,1,1,2,0,0,1,0,2,0,0,0,0,2,0,0,1,0,2,1,2,1,1,2,2,2,0,1,0,0,0,0,0,2,1,0,2,0,1,2,2,2,1,2,2,1,0,0,2,1,2,2,1,1,1,1,2,1,1,2,2,0,1,2,1,0,0,0,0,0,0,0,2,1,2,0,2,0,2,1,0,1,2,0,0,0,2,1,0,1
34220,0,2,2,2,2,2,1,0,1,1,0,2,2,2,2,2,2,2,1,0,0,1,2,2,0,1,0,1,0,2,2,0,2,1,2,1,2,0,1,2,1,1,0,2,1,1,0,2,2,0,0,1,1,1,0,2,2,0,2,1,2,2,2,0,0,0,0,2,2,2,0,1,1,2,2,0,1,2,2,2,2,1,1,2,1,1,2,0,1,1,1,2,2,2,0,2,1,1,1,2,0,0,2,2,2,1,0,2,1,2,0,0,0,2,1,1,0,0,1,1,2,2,1,2,1
316140,0,2,2,2,0,0,1,1,0,1,2,2,0,0,1,2,0,1,1,2,1,0,0,2,0,2,0,2,0,0,0,0,2,0,0,1,0,1,0,0,1,1,0,1,0,0,0,0,0,0,1,0,1,0,1,0,2,1,0,0,2,2,0,0,0,0,0,2,0,1,0,1,0,0,0,0,2,1,2,0,2,0,1,2,2,2,0,1,0,1,1,2,2,0,0,1,1,1,0,2,0,1,0,0,0,0,1,2,1,2,0,0,2,0,0,0,1,0,0,0,2,0,1,0,1
9830,0,2,0,2,0,1,1,0,1,2,2,1,1,0,2,2,0,2,2,2,1,1,2,2,1,2,2,1,1,1,2,0,2,0,0,1,2,2,0,2,1,0,1,2,0,1,2,2,2,0,0,0,2,0,1,0,2,2,2,2,2,2,1,0,0,0,0,2,2,2,0,0,1,1,0,1,1,0,2,2,2,1,0,2,2,1,1,1,2,1,1,2,0,2,2,0,1,1,2,2,1,1,2,1,2,2,2,2,1,2,1,0,2,2,0,0,1,2,1,1,0,2,1,1,2
24110,0,2,2,2,0,1,0,0,0,1,2,2,0,0,1,2,0,0,1,0,0,1,1,2,1,0,0,0,2,0,0,0,0,0,0,0,0,0,0,1,0,1,2,0,0,1,0,0,0,1,1,2,1,1,1,0,1,1,0,0,0,2,0,0,0,0,0,2,0,1,0,0,0,1,1,1,0,1,2,0,2,0,1,2,0,2,0,1,2,1,1,2,2,1,0,1,1,0,0,0,2,1,0,0,0,0,0,0,1,0,2,0,0,0,0,0,0,0,0,0,2,2,1,1,1
86280,0,1,0,0,2,0,1,2,1,1,2,2,0,0,2,0,2,2,2,1,2,0,2,2,0,2,0,0,2,1,2,0,1,1,0,0,0,0,2,0,1,1,0,0,1,0,0,2,0,2,0,2,1,1,1,2,1,1,2,0,1,2,0,0,0,0,0,2,1,0,0,2,2,2,2,2,0,1,2,2,0,0,1,2,0,0,0,2,0,1,1,2,2,1,0,2,0,1,0,2,1,1,2,0,2,1,0,0,2,0,1,0,0,2,1,0,1,0,2,1,0,0,1,2,1
4020,0,2,1,2,2,1,2,1,1,1,2,2,2,0,1,1,1,2,1,1,1,1,2,1,2,2,1,2,0,2,0,0,2,1,2,0,1,1,0,1,1,1,1,1,1,1,2,0,2,1,2,2,1,1,1,2,1,1,2,1,2,2,0,0,0,0,0,2,2,0,0,2,1,2,2,0,2,0,2,2,2,1,1,2,2,1,0,1,0,2,1,0,2,1,0,2,0,1,1,1,2,1,1,2,1,1,0,2,0,2,1,1,2,2,0,0,0,0,1,2,2,1,1,2,1
97950,0,2,2,2,2,1,1,1,0,1,2,0,0,2,1,2,2,2,1,2,1,1,1,0,0,1,1,2,1,2,1,0,2,2,2,0,2,1,2,1,1,2,0,2,0,1,2,2,2,1,2,1,0,0,1,1,0,2,0,2,0,1,0,0,0,0,0,2,2,2,0,2,0,2,0,1,2,0,0,2,0,0,1,2,1,1,1,1,2,1,1,2,1,1,0,1,1,0,0,0,0,1,0,2,2,0,0,2,2,1,1,1,0,2,0,1,0,2,0,0,2,0,1,1,1
32640,0,0,2,2,2,0,1,1,1,0,2,2,2,0,1,2,2,2,1,2,2,1,2,2,1,1,2,1,2,2,1,0,1,0,0,0,0,0,1,0,1,1,0,2,0,1,2,2,0,0,0,2,1,1,1,0,2,0,0,0,2,1,0,0,0,0,0,1,2,0,0,1,2,2,0,0,0,0,0,2,0,0,1,2,0,0,0,1,2,0,1,2,1,0,0,1,2,1,2,1,0,0,0,0,0,1,0,2,1,2,1,0,0,2,0,0,0,0,0,1,0,2,1,0,1
11780,0,2,2,2,2,1,0,0,0,1,1,2,2,2,0,2,2,2,1,0,0,1,2,0,0,2,2,1,0,0,1,0,2,0,2,1,2,2,1,1,1,1,0,0,2,1,2,0,2,0,1,0,1,0,1,0,1,2,2,2,1,2,1,0,0,0,0,2,2,1,0,2,1,2,2,0,0,1,2,2,2,1,1,2,0,1,2,2,1,1,1,1,1,1,2,2,1,1,2,0,0,0,0,0,2,0,0,2,0,2,2,1,2,1,2,0,1,2,1,1,1,2,1,2,2
21240,0,2,0,2,2,0,1,1,1,1,2,0,0,2,0,2,2,2,1,2,2,1,2,2,1,2,0,0,1,1,1,0,2,0,2,1,1,2,0,0,1,0,1,1,2,1,2,1,2,0,0,1,0,0,1,2,1,0,2,2,0,2,1,0,0,0,0,2,1,2,0,1,2,1,1,1,1,0,1,0,2,2,0,2,0,1,2,1,2,1,1,1,1,1,1,2,2,1,2,0,2,0,0,2,0,1,1,2,2,1,1,1,1,2,2,1,1,2,2,1,1,0,1,2,2
720,0,2,2,2,2,1,1,0,1,1,1,2,0,0,1,0,0,2,1,2,1,1,2,2,0,2,2,0,0,1,2,0,2,0,2,2,0,0,0,2,1,2,0,2,0,1,2,2,0,1,1,2,1,1,1,0,0,0,2,2,0,2,1,0,0,0,0,2,1,2,0,0,0,1,2,1,1,1,2,1,2,1,0,2,0,0,2,1,1,1,1,0,2,1,2,0,0,1,0,1,0,1,2,1,2,1,1,2,0,0,2,2,1,2,2,0,0,2,1,0,2,2,1,2,2
161390,0,2,1,1,0,2,1,2,2,1,2,1,1,2,1,2,1,2,1,1,1,1,2,2,2,1,1,1,2,0,2,0,0,1,1,2,0,2,2,2,1,1,2,2,1,2,2,0,0,1,2,1,1,1,1,2,0,1,2,1,0,2,1,0,0,0,0,2,1,1,0,2,1,2,2,2,2,1,1,2,1,2,1,2,0,1,1,1,1,1,1,2,0,0,2,1,1,2,1,2,2,1,0,0,0,1,1,2,1,2,1,1,2,1,1,0,1,0,2,2,1,1,2,2,0
6800,0,2,0,2,2,2,0,0,1,1,2,2,2,2,2,2,0,2,1,2,1,1,2,0,1,0,2,2,2,2,2,0,2,0,2,1,0,1,0,0,0,0,1,2,1,1,2,1,2,1,2,0,1,1,0,2,0,2,2,2,0,2,0,0,0,0,0,2,2,2,0,1,0,0,2,2,0,1,1,1,2,1,1,2,1,0,0,1,0,1,1,2,2,1,2,0,1,1,2,2,2,0,0,0,2,0,2,2,1,2,1,0,0,0,0,1,1,1,1,2,0,2,1,2,2
35250,0,2,0,2,2,1,1,1,2,0,2,2,2,0,2,2,2,2,1,2,2,1,2,2,1,1,2,0,1,2,1,0,2,2,2,1,0,0,0,1,1,0,0,2,0,1,0,0,2,1,0,0,1,2,1,2,2,0,2,2,1,2,0,0,0,0,0,2,0,0,0,0,1,1,2,0,0,1,2,2,0,0,1,2,2,1,0,1,0,1,1,2,1,0,2,2,0,1,0,2,1,0,1,0,0,0,2,0,0,0,1,1,1,0,0,0,2,0,1,0,1,0,1,2,2
71050,0,2,2,2,2,1,1,1,0,1,2,0,2,2,0,2,0,2,1,2,1,1,2,0,1,1,2,2,0,1,2,0,2,0,0,0,1,2,0,0,1,1,0,0,0,1,2,1,0,1,1,2,1,1,1,0,1,2,2,2,1,2,2,0,0,0,0,2,1,2,0,1,2,1,2,2,0,1,2,2,2,1,1,2,0,1,1,1,1,1,1,2,2,1,0,1,1,1,0,2,1,1,2,0,2,1,0,2,1,2,1,0,1,2,0,1,0,2,1,2,0,1,1,2,2
267250,0,2,2,0,2,1,2,1,0,1,2,2,1,2,1,2,1,2,0,1,0,1,2,2,1,1,1,2,2,0,2,0,2,0,2,1,2,0,2,0,1,0,2,0,2,1,0,1,1,1,1,0,1,2,1,1,2,2,2,1,2,2,1,0,0,0,0,2,2,2,0,1,0,0,2,0,0,1,2,2,2,2,1,2,2,0,2,0,1,1,1,2,2,0,0,2,1,1,2,2,1,0,1,0,0,1,2,2,2,1,0,1,2,1,0,2,1,0,0,0,0,1,1,0,1
11070,0,0,0,2,2,2,1,0,0,0,0,0,2,0,2,2,0,2,2,2,2,1,2,1,2,1,2,0,0,1,2,0,2,1,2,0,1,2,1,2,1,1,1,1,2,0,1,2,2,2,1,2,2,1,1,0,0,2,2,0,1,2,1,0,0,0,0,2,0,2,0,1,1,1,0,2,0,2,2,0,0,1,1,2,1,0,2,2,1,2,1,2,2,1,1,2,1,1,1,2,1,1,0,2,0,2,1,0,1,2,1,0,1,2,0,1,0,0,1,2,2,2,1,1,0
8930,0,2,2,2,2,2,1,0,1,1,2,0,1,1,1,2,2,2,1,0,2,1,2,1,2,2,2,1,2,2,2,0,2,2,2,1,2,2,1,2,2,1,1,1,2,2,0,1,2,1,1,2,0,1,2,1,2,2,2,2,1,2,1,0,0,0,0,2,1,1,0,0,2,0,2,2,0,2,2,0,1,1,1,2,2,1,1,1,1,0,1,0,1,2,2,1,1,1,2,1,0,1,2,1,2,0,1,2,0,2,2,1,2,1,2,2,1,2,1,2,1,0,1,0,1
2790,0,2,2,0,2,0,1,1,1,1,1,2,0,2,2,2,2,2,1,2,1,1,1,2,1,2,2,2,1,2,2,0,2,2,1,2,2,1,1,1,1,2,1,2,0,0,2,1,2,0,1,2,2,2,1,1,2,2,2,2,1,2,0,0,0,0,0,2,2,2,0,2,2,1,0,2,1,2,2,2,1,1,1,2,2,2,1,1,2,1,1,0,1,2,2,2,0,1,1,2,2,2,0,2,2,1,2,0,2,2,0,1,0,2,1,0,2,1,1,0,0,1,0,2,2
28050,0,0,2,0,2,1,1,1,2,1,1,0,0,0,1,2,0,2,1,1,1,2,0,2,2,0,1,2,1,0,0,0,2,0,2,2,1,1,0,2,1,1,1,2,2,1,2,0,2,1,2,2,2,1,1,0,0,2,0,2,2,2,1,0,0,0,0,2,2,1,0,2,1,1,2,2,1,1,2,2,2,1,0,2,2,2,1,1,1,2,1,2,2,2,0,2,1,1,2,2,1,0,1,0,2,1,1,2,1,2,1,0,0,2,1,0,1,2,1,1,2,1,1,2,1
139480,0,2,2,2,0,1,0,0,1,1,2,2,1,0,2,2,2,2,1,2,0,1,2,2,1,1,1,1,1,2,2,0,2,2,2,1,1,1,2,1,1,1,2,1,2,1,2,0,2,1,2,2,0,1,1,2,1,0,2,2,1,2,0,0,0,0,0,2,1,0,0,1,0,1,0,2,1,1,0,2,0,1,1,2,2,1,0,1,2,0,1,0,1,2,2,2,2,0,1,2,1,0,0,0,1,1,2,2,0,2,2,0,0,2,0,0,0,2,0,0,0,1,1,2,1
271560,0,2,2,0,1,2,1,2,1,0,2,0,2,0,1,2,2,2,1,2,1,1,2,1,0,1,2,2,1,2,1,0,2,1,2,1,2,1,2,0,2,2,0,2,2,0,1,2,1,0,0,2,0,0,2,1,1,2,2,1,1,1,1,0,0,0,0,2,2,1,0,2,1,2,1,1,2,2,2,2,0,1,1,2,1,0,0,1,2,2,1,2,2,1,1,2,0,1,2,0,0,2,2,1,0,0,2,2,1,2,0,1,2,2,2,0,1,2,0,2,2,1,1,1,2
241560,0,0,1,2,1,1,1,1,2,0,2,2,1,0,0,1,1,2,2,1,1,2,2,2,2,1,1,2,2,2,0,0,2,2,1,1,1,2,1,2,1,1,2,1,2,1,1,2,2,0,1,2,1,1,2,1,1,0,2,1,2,2,2,0,0,0,0,2,0,0,0,1,1,1,1,2,1,1,2,2,0,1,2,2,2,2,2,2,1,1,1,2,2,1,0,2,1,1,1,2,1,1,1,1,2,1,1,0,1,2,0,0,0,2,1,0,0,2,1,1,0,2,1,2,2
180640,0,2,2,0,2,1,0,2,2,1,1,2,2,1,0,2,2,2,1,2,1,1,2,0,1,1,1,1,1,2,2,0,2,2,1,2,0,2,1,0,1,2,0,1,2,1,2,2,0,0,2,2,0,1,2,2,2,2,2,0,1,2,1,0,0,0,0,2,1,0,0,0,1,1,0,2,2,1,1,2,1,2,1,2,1,2,1,1,2,2,1,2,1,1,2,1,1,1,2,1,0,1,0,0,0,0,1,0,0,2,1,2,1,1,0,0,1,0,1,1,1,1,1,1,1
100,0,2,2,2,2,0,1,1,0,0,2,2,1,0,1,2,2,1,1,1,1,1,2,1,0,2,1,1,2,2,2,0,2,2,0,1,2,1,1,0,2,1,0,0,2,0,2,1,1,1,1,2,2,1,2,1,1,2,2,0,1,0,1,0,0,0,0,1,2,1,0,2,1,0,2,2,2,2,0,1,2,2,2,2,1,1,1,1,1,0,1,2,1,2,0,0,1,1,2,2,1,0,2,1,2,0,1,2,2,0,2,1,1,1,0,2,0,2,0,0,1,1,0,2,1
69500,0,0,2,2,2,0,1,1,1,1,0,2,0,0,0,1,0,2,1,0,0,1,2,2,0,0,2,1,0,0,2,0,2,0,2,0,0,0,1,2,1,0,0,0,1,1,0,2,2,0,0,2,0,1,1,2,2,0,2,0,0,2,0,0,0,0,0,2,0,0,0,0,1,1,2,2,1,0,2,2,2,1,2,2,0,0,2,1,1,1,1,2,2,0,2,0,1,1,0,2,1,0,0,0,2,0,1,0,1,2,1,2,0,0,1,0,0,2,1,1,0,0,1,2,1
120,0,0,2,1,2,1,1,1,2,1,0,2,1,1,2,2,2,2,1,2,2,1,0,1,1,2,2,1,1,1,2,0,2,2,1,2,2,0,2,0,1,0,2,2,1,0,2,2,2,1,0,2,0,1,2,1,2,2,2,0,2,1,0,0,0,0,0,1,1,2,0,2,2,2,2,2,1,1,2,2,2,1,1,2,2,1,0,0,0,0,1,2,1,2,0,0,0,0,2,1,1,1,1,1,0,1,0,1,1,1,2,1,1,2,1,1,2,0,1,2,2,1,1,2,1
78930,0,2,0,2,0,1,1,1,0,1,2,0,1,0,1,2,0,2,1,2,0,1,0,1,0,1,2,2,0,0,1,0,2,2,0,1,2,0,2,1,1,2,0,2,1,1,2,1,2,1,1,2,1,0,0,1,0,2,2,0,1,0,2,0,0,0,0,2,2,0,0,1,2,1,0,1,0,1,2,0,2,0,1,2,2,1,2,1,0,1,1,0,0,1,0,1,2,1,0,2,0,1,0,0,0,0,1,2,2,2,1,2,0,0,0,1,2,1,0,0,0,2,1,1,2
3410,0,2,2,2,2,1,1,0,1,0,1,2,2,0,0,0,2,0,1,0,1,1,2,0,2,0,0,1,0,2,1,0,0,0,2,2,0,2,1,1,1,0,0,2,0,1,0,2,0,1,1,0,0,1,2,1,0,1,2,1,2,2,2,0,0,0,0,2,2,1,0,1,1,2,2,0,0,1,0,2,1,0,0,2,1,0,0,2,1,0,1,0,0,1,0,0,1,0,1,1,0,0,1,2,0,0,0,2,1,2,0,0,0,0,0,0,0,2,2,0,2,2,1,1,2
29780,0,2,2,2,2,1,0,2,0,1,2,0,0,0,0,2,0,2,1,2,0,1,0,0,1,0,2,1,2,1,0,0,0,0,0,0,0,0,1,1,0,1,0,0,0,1,2,1,0,1,0,2,0,1,0,0,0,1,2,0,0,0,0,0,0,0,0,2,1,1,0,1,0,0,0,0,0,1,0,0,2,0,1,0,1,0,0,0,0,1,1,0,0,1,0,0,0,0,0,0,0,0,0,0,2,0,0,2,1,2,0,1,2,1,0,0,0,0,0,2,2,2,1,2,1
28670,0,0,2,2,2,2,0,1,1,0,0,2,2,1,2,2,2,2,1,1,2,1,2,2,1,0,2,0,0,0,2,0,2,1,2,1,2,2,0,0,1,1,1,0,0,1,2,2,2,1,1,2,1,0,1,2,1,1,1,2,2,0,1,0,0,0,0,2,2,1,0,2,2,2,2,0,1,1,1,2,0,1,1,2,0,1,0,1,2,1,1,2,0,1,2,2,2,0,2,0,1,1,1,2,2,1,1,2,1,1,2,2,2,0,2,1,1,2,1,2,1,2,2,2,2
4990,0,2,2,1,0,0,0,1,1,1,2,2,0,0,1,2,0,2,1,1,0,1,2,2,0,0,2,0,1,2,1,0,2,2,2,1,2,0,0,0,1,1,2,0,0,1,2,2,0,1,1,0,1,1,1,1,0,0,0,2,2,2,2,0,0,0,0,2,1,1,0,1,0,1,2,2,0,2,2,2,0,2,1,2,2,1,1,1,2,1,1,1,1,1,1,0,1,2,1,0,2,1,2,1,0,2,2,2,1,0,0,1,0,2,0,1,0,0,2,0,2,0,1,1,2
5830,0,2,0,2,0,1,0,2,2,1,2,0,0,2,1,2,1,2,1,1,2,2,1,2,1,0,1,2,2,1,0,0,0,1,1,0,2,1,2,0,1,1,2,0,1,2,0,1,0,1,1,2,1,1,1,2,1,1,2,1,2,2,2,0,0,0,0,0,1,2,0,0,0,0,0,1,2,1,2,0,2,2,1,2,2,1,1,1,2,1,1,2,2,1,1,1,2,2,1,2,0,2,0,1,2,1,0,2,1,2,0,0,1,0,1,1,1,1,2,2,2,0,1,2,2
16360,0,2,2,2,2,0,1,2,1,1,2,2,0,0,0,2,0,2,1,2,1,1,2,2,1,1,0,2,2,1,2,0,0,0,0,0,1,0,0,2,1,1,1,0,2,1,2,0,0,1,1,0,1,2,1,2,0,0,2,2,1,2,2,0,0,0,0,2,0,1,0,1,2,1,0,0,0,0,2,2,2,1,1,2,2,0,2,1,1,1,1,2,2,0,0,1,0,1,2,0,0,0,2,0,0,0,0,2,1,2,1,1,0,1,0,0,0,0,1,1,2,0,1,2,2
128940,0,0,2,2,2,2,2,1,2,0,2,2,1,2,1,2,2,2,1,2,2,1,2,1,0,0,2,1,1,0,2,0,2,0,2,1,2,0,1,1,2,1,2,2,2,0,2,1,2,1,1,0,2,1,2,0,1,2,2,2,1,0,1,0,0,0,0,2,0,1,0,1,0,1,2,2,2,2,2,2,0,0,1,2,1,1,0,1,1,0,1,0,1,2,0,2,1,1,2,0,0,1,2,1,0,1,1,2,1,0,0,1,2,1,0,2,1,0,1,2,1,0,1,2,1
5387,0,1,1,0,2,1,0,2,2,1,2,2,1,2,0,2,1,2,1,1,0,1,2,0,1,2,0,2,2,0,1,0,2,1,0,2,1,0,0,2,0,0,2,1,2,0,2,0,0,0,1,0,1,1,0,2,1,1,0,0,0,2,1,0,0,0,0,2,0,0,0,2,1,0,0,0,1,1,2,2,0,0,1,2,0,2,2,0,1,0,1,0,0,2,0,1,1,1,0,2,1,1,0,0,0,0,1,0,0,2,0,1,0,0,0,0,0,1,0,0,2,1,1,2,2
298020,0,2,2,2,2,1,1,1,2,0,0,2,2,1,2,2,0,2,1,2,1,1,1,2,1,2,1,2,0,0,2,0,2,0,1,1,0,2,1,2,1,0,1,1,2,1,0,2,1,2,1,2,0,1,1,2,0,0,2,2,1,2,0,0,0,0,0,2,2,2,0,2,1,1,2,2,1,1,2,2,0,1,1,2,1,1,1,1,2,1,0,1,1,2,2,1,2,1,1,2,0,1,1,2,1,0,2,2,2,0,2,0,2,0,2,0,2,0,0,1,1,1,0,2,2
6360,0,2,2,2,2,1,1,2,0,2,1,2,0,2,0,2,1,2,0,1,1,2,0,2,0,2,2,0,1,1,0,0,2,2,0,0,0,0,1,2,1,1,2,0,2,1,2,2,2,1,1,2,1,0,1,2,0,0,2,2,0,2,1,0,0,0,0,2,2,2,0,2,1,1,2,1,0,1,2,1,2,1,1,2,0,1,2,1,0,1,1,0,1,2,1,2,1,1,1,1,1,1,1,0,2,1,0,2,1,0,0,2,1,2,0,2,1,2,0,1,2,0,0,0,2
20150,0,2,1,2,1,2,1,0,1,1,1,1,2,1,2,2,0,1,2,0,1,1,2,2,2,1,2,1,0,1,2,0,2,2,2,1,2,2,1,0,1,1,0,2,0,1,2,2,2,0,2,2,2,1,1,0,2,1,2,2,0,2,0,0,0,0,0,2,1,1,0,0,1,1,2,1,0,2,2,2,0,1,2,2,1,1,2,2,1,1,1,2,2,2,2,0,1,1,0,2,1,1,0,2,2,2,1,1,0,0,1,2,1,2,0,2,2,2,1,2,2,2,1,2,1
7070,0,2,2,2,2,2,1,2,0,1,2,2,0,0,0,2,2,2,1,2,1,1,0,0,1,0,1,1,1,2,2,0,2,2,1,2,0,2,0,1,0,1,2,2,2,1,2,1,2,1,0,2,2,0,1,2,0,1,2,2,1,2,0,0,0,0,0,2,2,2,0,0,1,1,1,0,0,0,1,2,1,2,1,2,1,1,0,2,2,1,1,1,1,2,1,2,1,2,0,0,0,1,0,0,2,1,2,2,2,0,2,1,2,2,0,2,1,2,0,1,2,2,1,2,2
8770,0,2,1,0,0,1,0,1,2,0,0,2,2,2,2,2,2,2,1,1,1,0,2,0,1,0,2,2,1,1,1,0,2,2,2,2,0,0,1,1,1,2,0,1,0,0,0,1,2,1,1,2,2,0,1,1,2,2,2,2,1,2,1,0,0,0,0,2,2,2,0,2,1,0,2,2,0,2,2,2,1,1,1,2,2,2,1,2,1,1,1,2,0,0,2,2,1,1,2,2,1,1,2,2,2,0,2,2,1,0,2,0,0,2,0,1,0,2,1,1,2,0,0,2,2
5940,0,2,2,1,2,1,1,2,1,1,0,2,0,0,0,2,0,2,1,0,1,1,2,1,1,1,0,2,0,1,0,0,0,2,0,0,1,1,2,0,0,0,0,2,0,0,2,1,0,0,2,0,1,1,1,0,1,1,2,0,2,2,2,0,0,0,0,0,2,1,0,1,0,0,0,0,0,2,2,2,2,1,1,2,2,2,2,1,0,1,1,2,2,1,2,1,0,1,0,0,2,0,0,0,2,1,0,2,0,0,0,1,1,0,0,0,1,0,2,0,2,0,1,0,1
112610,0,2,1,2,2,0,1,0,2,2,2,0,0,1,2,0,0,2,2,2,1,1,2,2,2,2,2,1,2,1,2,0,2,0,0,0,2,1,2,2,1,0,1,2,2,1,2,2,2,0,2,2,2,1,2,2,2,2,2,1,2,2,0,0,0,0,0,2,2,2,0,2,1,1,2,0,2,2,2,2,2,1,1,2,2,2,2,2,1,1,1,2,2,1,2,2,1,1,1,2,1,1,1,2,2,0,2,0,1,2,0,2,1,2,0,0,1,2,1,1,0,2,1,1,2
42660,0,1,1,0,1,1,1,1,1,2,2,2,0,2,2,2,1,2,2,1,1,1,2,2,1,2,1,2,1,0,2,0,2,2,2,2,2,2,0,0,1,1,2,2,2,1,2,0,2,2,1,2,2,2,1,0,2,1,1,2,1,2,1,0,0,0,0,2,2,2,0,2,1,0,2,0,2,2,2,2,2,1,1,2,2,1,2,0,1,0,1,2,2,2,2,2,1,1,1,2,1,2,1,2,2,1,1,1,1,2,2,2,1,2,0,2,1,2,2,1,2,2,0,2,1
307950,0,1,0,1,2,0,1,2,0,1,2,1,2,2,1,2,1,2,2,1,1,2,1,2,1,1,1,2,2,0,2,0,2,1,0,0,2,1,1,2,1,1,1,0,1,0,0,1,1,1,1,2,2,1,2,2,2,2,2,1,2,1,1,0,0,0,0,2,2,1,0,2,1,1,2,2,0,2,2,2,1,1,1,2,2,2,2,0,1,1,1,2,2,1,2,2,1,1,1,1,0,0,1,2,1,1,1,1,2,2,2,2,1,2,1,2,2,2,1,1,1,1,1,1,2
6280,0,2,1,2,2,0,1,0,1,1,2,2,1,0,1,2,2,2,1,1,1,1,0,1,2,2,2,1,1,2,0,0,2,2,2,1,2,2,1,0,0,0,1,2,2,0,2,2,2,1,1,2,1,1,0,2,1,2,2,2,2,2,1,0,0,0,0,2,1,1,0,2,1,1,2,2,2,2,2,2,1,1,0,2,1,1,2,1,1,0,1,2,1,2,0,1,1,1,2,1,2,1,2,1,0,1,2,2,0,0,1,1,2,1,0,0,0,2,1,2,0,1,1,1,1
19170,0,0,2,2,0,0,1,0,0,1,2,2,1,0,1,2,2,2,1,2,1,1,2,1,0,2,2,1,1,2,0,0,2,2,2,1,2,2,1,1,0,1,1,1,2,0,0,1,2,2,1,2,2,2,1,1,2,2,2,0,2,0,0,0,0,0,0,2,2,1,0,2,0,1,2,2,1,2,2,1,1,0,1,2,1,1,2,2,1,1,1,1,0,2,2,2,1,1,0,2,1,1,0,0,0,2,1,2,1,1,0,1,2,1,2,2,0,2,1,2,2,0,1,2,1
10620,0,1,0,2,1,1,1,1,0,1,0,2,0,2,2,2,1,2,2,1,1,0,0,2,0,2,1,0,0,1,2,0,2,2,2,0,2,2,0,0,1,1,2,1,2,1,2,1,0,0,1,2,0,0,1,2,0,0,2,2,2,2,0,0,0,0,0,2,2,2,0,0,1,2,2,1,0,0,2,2,2,0,1,2,1,0,2,0,1,1,1,0,2,2,0,2,1,1,0,2,1,1,1,0,2,0,0,2,1,2,1,0,2,0,0,0,1,2,1,0,2,2,1,2,1
36460,0,1,2,2,0,1,1,0,1,0,2,2,1,1,2,2,0,2,1,0,1,1,0,2,1,0,1,0,1,2,2,0,2,2,0,2,0,1,0,0,1,1,0,0,2,0,0,2,2,1,0,2,1,1,1,2,0,1,2,2,0,2,0,0,0,0,0,2,1,1,0,1,2,0,0,1,2,1,0,2,2,2,1,2,0,1,2,0,0,0,1,2,0,2,0,1,0,1,0,0,0,0,2,1,1,0,0,0,1,0,0,2,1,1,2,0,0,0,0,2,0,2,0,0,2
47050,0,1,1,2,1,2,1,1,1,1,0,0,2,1,1,1,1,1,2,1,1,2,1,2,1,2,1,1,1,2,1,0,2,1,2,2,2,2,1,2,1,2,2,2,2,1,1,2,2,1,2,2,2,1,1,1,2,1,2,2,2,0,2,0,0,0,0,2,2,0,0,2,1,1,2,0,2,2,2,2,1,1,2,2,1,1,2,1,1,1,1,2,2,1,2,1,1,0,1,2,1,2,2,1,1,2,1,1,2,2,2,2,1,1,1,0,0,2,1,1,1,2,2,1,2
47810,0,1,1,2,0,2,1,0,2,2,2,0,2,0,0,2,1,2,2,0,1,0,1,2,1,0,2,1,2,1,2,0,2,1,2,1,1,1,0,0,1,1,0,1,0,2,0,1,2,1,1,2,0,1,1,2,2,2,1,2,2,0,0,0,0,0,0,2,1,1,0,1,1,0,1,2,0,2,2,2,1,2,1,2,2,1,2,1,1,1,1,1,2,0,2,2,1,1,2,0,1,2,1,1,2,2,0,0,0,1,0,2,1,2,0,1,0,0,0,1,1,0,1,1,0
138040,0,0,1,2,2,1,1,1,0,1,0,2,1,1,1,0,1,2,1,2,1,1,2,1,1,1,2,2,2,1,1,0,2,0,0,0,1,1,0,1,1,1,1,1,2,0,0,1,0,1,1,2,1,1,1,2,0,2,0,1,1,2,2,0,0,0,0,2,1,1,0,0,0,0,0,2,2,1,2,2,2,1,1,2,1,1,0,1,0,1,0,1,0,1,2,1,1,1,2,1,2,1,0,0,2,1,0,2,1,0,1,1,1,1,0,2,0,0,2,2,2,1,1,2,2
336260,0,2,2,0,0,1,1,2,0,1,2,0,0,1,2,2,2,2,2,1,1,1,0,2,2,2,2,1,1,2,2,0,2,2,2,0,0,2,1,0,0,1,1,2,2,1,1,2,2,1,1,2,2,1,1,0,2,2,2,2,2,2,0,0,0,0,0,2,0,2,0,2,1,1,2,0,1,2,2,2,2,1,0,2,2,1,2,2,1,1,1,0,2,2,2,2,1,1,0,2,1,1,2,0,1,1,2,2,1,2,2,2,0,2,0,2,1,2,1,2,0,2,1,1,2
81660,0,2,2,2,0,2,1,0,1,0,2,0,1,0,1,2,0,2,1,0,1,1,2,2,1,1,0,0,1,2,0,0,2,1,2,2,1,1,0,1,2,1,0,1,0,1,0,1,0,1,1,0,2,1,1,0,0,1,2,0,2,2,2,0,0,0,0,0,1,0,0,1,2,1,2,2,1,1,2,2,2,1,2,2,2,1,2,0,2,1,1,0,1,2,2,1,2,1,0,2,1,1,0,2,0,0,1,2,0,2,1,0,0,2,2,0,1,2,2,1,0,0,1,2,1
272210,0,1,2,0,1,1,1,1,2,0,2,2,2,1,1,0,1,2,1,2,1,1,2,2,0,0,2,2,2,1,2,0,2,0,2,0,2,0,1,2,1,1,2,0,2,1,1,1,2,1,1,2,2,1,2,2,2,0,2,0,2,2,1,0,0,0,0,2,2,0,0,1,0,0,1,2,2,0,2,2,1,2,1,2,2,1,2,1,1,1,0,1,2,1,0,0,1,1,2,2,0,2,1,1,1,2,1,1,1,1,0,2,0,0,2,1,1,2,2,2,1,2,1,1,1
23530,0,2,0,2,2,1,1,1,0,1,0,2,0,1,0,2,2,2,1,2,1,1,0,1,1,1,2,0,1,2,1,0,2,2,2,2,2,0,1,1,1,0,2,0,1,1,2,2,0,1,1,2,1,2,0,0,1,2,2,0,0,2,2,0,0,0,0,2,1,0,0,1,0,2,2,2,0,1,2,2,1,1,1,2,2,1,0,1,0,1,1,0,1,0,2,0,1,0,1,0,0,1,2,0,2,1,2,2,0,1,0,0,0,2,1,0,0,0,0,1,0,0,1,0,2
39490,0,2,2,2,2,1,1,0,1,1,1,1,2,1,2,2,1,2,1,0,2,1,2,0,1,1,2,2,2,1,0,0,2,0,0,2,1,0,1,2,1,1,0,1,2,1,2,2,1,1,2,2,1,0,1,2,2,1,2,0,1,2,2,0,0,0,0,2,1,1,0,1,1,2,2,0,0,0,0,2,2,1,1,2,1,1,2,1,1,1,1,2,0,1,2,2,1,1,2,0,0,0,0,2,0,0,2,0,1,2,0,1,0,2,1,1,0,0,1,1,0,1,1,1,2
47040,0,2,2,2,2,1,1,2,1,1,1,2,2,1,1,2,0,2,1,1,1,1,2,2,0,0,0,1,1,2,1,0,2,2,2,2,0,2,2,2,1,1,0,2,2,0,0,2,2,0,1,2,0,1,1,0,0,0,2,2,0,2,1,0,0,0,0,2,2,1,0,2,1,1,2,1,0,1,2,1,2,1,0,2,2,2,1,0,1,1,1,2,0,0,1,2,1,1,0,1,0,1,0,0,1,1,0,2,1,0,2,2,1,2,0,2,0,2,1,1,2,2,1,0,2
12750,0,2,2,2,2,0,1,1,2,1,0,2,1,0,0,2,2,2,1,0,0,1,2,1,1,2,0,2,0,0,1,0,2,0,2,1,2,2,1,0,1,0,0,1,2,1,2,1,2,1,2,2,1,1,2,2,1,2,1,0,2,2,2,0,0,0,0,1,1,0,0,1,2,0,0,1,2,0,1,2,0,0,2,2,2,2,0,1,2,2,1,2,1,0,1,1,1,1,2,1,2,2,1,0,0,0,1,2,1,2,0,2,0,0,1,1,1,0,2,0,1,2,1,2,2
26960,0,1,2,2,0,0,0,1,0,1,0,2,2,0,0,2,2,2,1,0,0,1,2,1,2,0,2,0,1,0,0,0,2,2,1,2,1,2,0,1,0,0,0,1,2,0,2,2,0,1,0,0,0,1,2,0,2,0,2,2,1,2,0,0,0,0,0,2,2,1,0,1,1,1,0,1,2,2,2,2,0,2,1,2,2,1,2,1,0,0,1,2,0,1,0,0,1,1,2,2,0,0,2,0,0,1,0,0,0,0,1,2,1,2,2,0,0,2,2,0,0,1,1,0,2
10060,0,2,1,2,0,0,1,0,1,1,2,1,1,2,2,2,1,2,2,2,1,0,0,2,2,2,0,1,2,0,2,0,2,0,2,2,0,2,1,2,1,2,1,2,2,0,0,2,2,1,1,2,2,1,0,2,1,1,1,1,2,2,1,0,0,0,0,2,2,1,0,2,1,1,2,2,2,2,2,2,2,1,1,2,1,0,2,1,0,0,1,2,0,2,2,2,1,1,2,1,0,2,2,1,0,2,0,2,1,2,1,2,1,2,2,2,1,0,2,1,0,0,1,1,2
88350,0,2,0,2,2,1,1,2,0,1,2,2,2,0,1,2,2,2,1,2,1,1,0,0,1,1,0,0,2,0,0,0,2,2,2,1,2,0,1,0,1,1,1,1,2,0,0,0,0,1,1,2,1,1,1,2,0,1,1,2,2,2,2,0,0,0,0,1,2,1,0,2,0,2,1,2,0,1,2,0,2,2,0,2,0,0,0,1,2,1,1,2,2,1,0,1,1,2,0,2,1,0,1,1,0,1,2,2,1,2,2,1,2,2,0,0,2,0,1,2,0,1,0,2,2
14680,0,0,2,2,2,1,1,1,2,2,1,0,2,0,2,1,2,2,0,2,1,1,2,2,2,2,0,1,2,0,1,0,2,1,2,2,2,2,2,0,1,0,0,2,1,1,0,2,0,2,2,0,2,1,1,2,1,2,2,0,1,0,0,0,0,0,0,2,1,2,0,2,1,0,2,2,1,2,2,2,0,1,2,2,0,1,2,0,1,1,1,2,2,1,1,1,1,0,1,0,2,1,1,2,0,2,1,1,1,0,1,2,1,2,0,1,2,0,1,0,1,1,1,1,2
2380,0,2,2,2,2,1,0,1,1,1,1,2,2,1,2,2,0,2,0,1,1,1,2,0,2,1,0,2,1,1,2,0,2,2,2,2,1,0,0,0,1,1,2,1,2,1,2,2,0,1,0,0,1,1,0,1,0,2,2,2,0,2,0,0,0,0,0,2,2,1,0,2,1,2,2,1,2,0,2,2,2,0,1,2,1,1,1,0,1,2,1,2,0,1,2,0,2,1,2,0,1,2,2,2,1,0,0,2,2,1,0,1,0,1,0,0,2,0,1,2,1,2,1,2,0
51915,0,2,1,2,2,2,1,0,1,0,2,1,1,1,1,1,2,2,2,1,1,0,2,1,2,2,1,1,2,2,2,0,2,1,2,0,1,2,1,1,0,0,1,2,2,1,1,2,2,0,2,2,2,1,1,0,2,1,2,1,2,1,0,0,0,0,0,2,1,2,0,0,1,1,2,2,0,2,2,2,2,1,2,2,1,1,2,0,1,1,1,2,2,2,2,2,1,1,2,0,1,1,0,1,0,2,1,1,2,2,2,2,0,1,1,0,1,2,0,1,1,1,1,0,2
285130,0,2,2,2,2,2,0,1,1,0,2,2,1,0,1,2,2,2,1,2,1,1,2,1,0,2,2,1,1,0,0,0,2,2,0,1,0,2,0,0,1,1,0,0,2,1,2,2,2,1,0,0,2,1,1,2,0,0,2,1,2,2,0,0,0,0,0,0,2,0,0,2,1,1,2,0,2,2,2,2,0,1,1,2,2,1,0,1,1,0,1,1,0,1,2,0,1,1,1,2,1,1,0,0,0,0,2,0,0,1,2,1,0,0,2,1,0,2,1,1,2,2,1,2,1
204320,0,0,0,0,0,0,1,2,2,1,2,2,1,2,2,2,1,2,0,0,2,1,2,2,0,2,2,1,2,1,2,0,2,0,1,2,1,2,1,2,1,1,1,2,0,0,2,2,0,2,2,0,1,0,1,2,1,1,2,1,1,2,1,0,0,0,0,2,2,1,0,2,2,1,2,2,2,1,2,2,1,1,2,2,0,2,2,0,1,0,1,2,0,0,2,0,1,1,1,0,1,0,0,1,0,0,0,0,2,2,0,2,1,0,1,2,1,2,1,1,2,0,1,0,2
30000,0,2,0,2,2,0,1,1,0,1,0,2,0,0,2,2,2,2,1,1,2,1,0,2,1,2,0,2,0,0,2,0,1,1,2,2,1,2,0,0,1,0,2,2,0,2,0,0,1,1,0,2,1,1,1,0,0,2,1,1,1,2,2,0,0,0,0,0,1,0,0,1,2,0,0,0,0,0,2,2,2,0,1,2,2,1,2,1,0,0,0,0,1,2,0,0,2,1,2,0,0,0,0,2,0,1,0,2,2,1,1,2,0,2,1,2,0,0,2,0,0,2,1,1,1
282330,0,2,2,2,0,1,2,0,1,2,2,2,2,1,1,2,2,0,1,2,1,1,2,1,2,1,1,2,1,2,1,0,2,0,2,1,0,1,2,0,2,0,2,2,0,2,0,1,2,0,2,0,1,1,1,2,0,0,2,2,1,2,0,0,0,0,0,2,1,2,0,1,0,0,0,2,2,1,0,2,2,0,1,2,1,1,2,1,2,1,1,2,0,1,2,1,1,2,2,2,1,0,2,2,0,2,0,1,1,1,2,1,2,2,0,0,0,2,1,0,2,1,1,2,2
9240,0,2,2,1,0,2,1,1,1,0,1,2,2,1,1,2,2,2,1,0,1,0,0,1,1,1,2,1,1,1,2,0,2,0,1,2,1,2,2,1,1,2,1,2,2,1,2,2,2,1,2,1,1,2,2,2,1,0,2,1,1,2,1,0,0,0,0,2,0,2,0,2,2,2,2,2,0,2,0,2,1,2,1,2,0,1,1,1,0,1,2,2,2,1,2,2,1,1,1,1,0,0,1,0,1,2,1,2,1,2,2,1,2,0,2,1,2,0,1,1,0,2,1,1,1
990,0,2,1,2,2,2,1,1,2,0,1,2,2,1,2,2,0,2,1,1,0,1,2,2,2,2,2,1,2,2,2,0,2,0,1,2,2,1,1,2,1,1,0,0,1,2,2,2,0,2,2,2,2,1,1,2,2,0,2,1,0,2,1,0,0,0,0,2,1,1,0,0,1,1,2,2,1,0,2,2,1,1,1,2,2,1,2,1,1,0,1,2,0,1,2,2,1,0,1,1,1,2,0,2,1,1,1,2,1,2,0,2,0,1,2,0,1,0,1,2,0,2,2,2,1
298050,0,0,2,2,2,1,0,1,2,1,0,2,2,1,0,2,1,2,2,1,1,2,1,2,2,2,1,0,2,0,2,0,2,1,2,1,1,2,1,0,1,1,1,1,2,1,0,2,0,0,1,1,2,1,0,2,2,2,2,2,2,2,1,0,0,0,0,2,2,1,0,2,1,1,2,2,2,2,2,2,1,1,1,2,1,1,2,1,0,1,1,2,0,0,2,0,0,1,0,2,1,1,1,2,1,0,0,2,0,2,2,2,2,2,1,0,2,2,1,0,1,1,1,1,2
4170,0,2,0,1,0,1,1,1,2,0,2,0,0,0,0,0,2,2,1,2,1,1,1,2,1,0,0,2,1,2,1,0,2,2,2,2,0,0,0,1,1,2,0,0,1,1,1,0,0,1,1,2,2,0,1,0,2,0,2,2,0,2,0,0,0,0,0,2,2,2,0,2,0,0,0,2,1,2,2,2,0,1,1,2,0,2,1,1,2,1,1,0,0,2,2,2,1,1,0,2,0,1,0,0,2,0,0,2,0,0,1,0,1,2,0,0,0,0,1,1,2,1,1,2,0
64350,0,1,1,2,2,2,1,1,1,2,2,2,2,1,2,0,1,2,2,1,1,0,0,2,2,2,2,0,2,1,2,0,0,2,0,1,0,1,2,2,1,1,1,0,2,1,0,1,2,1,1,2,2,1,1,0,2,1,2,2,2,2,1,0,0,0,0,2,1,1,0,1,1,0,2,2,1,0,2,2,1,2,0,2,2,1,2,1,1,1,1,1,2,2,0,2,1,0,0,2,1,2,1,1,2,0,0,1,1,1,1,2,1,2,2,2,2,2,1,1,1,0,1,2,2
5385,0,1,1,0,2,1,0,0,2,1,2,2,1,2,0,2,1,2,1,1,0,0,2,0,1,2,2,2,2,0,1,0,2,1,2,0,1,0,0,0,0,0,0,0,0,0,2,0,2,0,1,0,1,0,1,2,0,1,0,0,0,2,1,0,0,0,0,2,2,1,0,2,1,2,0,0,1,1,2,2,1,0,0,2,0,0,2,0,1,1,1,2,2,0,0,1,1,1,1,2,0,1,0,0,0,0,1,0,2,0,0,0,0,0,0,0,1,1,0,0,2,1,1,2,2
11210,0,1,2,1,0,2,0,2,2,1,2,2,1,1,2,2,1,2,2,2,1,1,2,0,0,2,2,1,0,1,2,0,2,1,2,2,0,2,2,2,1,1,1,1,2,1,2,2,2,1,1,1,1,0,1,2,1,1,2,1,1,0,1,0,0,0,0,2,2,0,0,2,0,1,2,0,2,1,2,2,1,2,1,2,1,2,2,2,0,0,1,2,0,2,2,2,1,1,1,1,2,2,2,1,1,1,0,1,2,2,1,2,0,0,0,1,0,0,0,1,2,2,1,1,0
12510,0,0,2,2,2,2,0,1,0,1,2,0,2,1,2,2,2,2,1,0,1,1,2,1,1,0,0,2,0,1,2,0,2,2,1,2,1,0,1,2,1,1,2,1,2,2,0,0,0,1,0,1,2,1,2,0,0,2,2,1,2,2,0,0,0,0,0,2,2,2,0,0,1,0,2,1,1,1,2,2,1,1,2,2,1,0,2,1,0,1,1,0,2,0,0,0,2,1,1,2,1,0,0,2,0,0,1,0,1,1,0,1,2,1,1,2,2,0,1,1,1,2,1,2,2
12450,0,1,1,2,0,0,1,2,1,2,2,2,0,0,0,1,1,2,2,2,1,2,2,2,1,1,2,2,2,1,2,0,2,2,0,1,0,1,2,2,1,0,1,2,0,0,0,1,2,1,1,2,2,2,0,0,2,0,0,2,2,0,0,0,0,0,0,2,2,0,0,1,1,1,1,2,2,2,2,2,1,2,1,2,2,1,2,1,1,1,1,1,2,1,0,0,1,1,2,1,0,2,1,1,2,2,1,1,1,1,1,2,1,2,2,2,0,2,0,1,0,0,1,2,1
4800,0,2,2,2,0,1,1,2,1,1,2,0,2,1,1,2,0,2,1,0,1,1,1,2,0,0,1,0,0,1,2,0,2,2,0,0,1,0,1,0,1,0,0,1,2,1,0,2,2,1,0,1,0,0,0,0,0,1,2,0,0,2,0,0,0,0,0,2,0,0,0,2,1,0,2,2,1,1,2,2,2,1,1,2,1,1,0,1,1,0,1,2,1,1,0,0,1,1,1,1,1,1,1,2,1,1,0,2,1,0,1,0,0,0,0,0,2,2,1,0,2,0,1,0,2
138930,0,2,2,2,2,2,1,1,1,1,0,2,2,1,0,2,0,0,1,2,1,1,2,0,1,0,0,2,2,2,0,0,2,0,0,0,0,1,0,0,1,0,0,1,2,1,2,0,1,0,1,2,1,1,1,1,0,2,0,1,0,2,2,0,0,0,0,2,0,1,0,1,0,1,0,0,0,1,2,1,2,2,1,2,2,2,0,1,2,1,1,2,2,1,0,1,1,0,0,0,0,0,2,1,0,1,0,0,0,0,0,0,0,2,0,0,0,0,0,0,0,0,1,2,2
153130,0,0,0,0,0,0,0,0,0,0,0,0,0,0,0,0,0,0,0,0,0,0,0,0,0,0,0,0,0,0,0,0,0,0,0,0,0,0,0,0,0,0,0,0,0,0,0,0,0,0,0,0,0,0,0,0,0,0,0,0,0,0,0,0,0,0,0,0,0,0,0,0,0,0,0,0,0,0,0,0,0,0,0,0,0,0,0,0,0,0,0,0,0,0,0,0,0,0,0,0,0,0,0,0,0,0,0,0,0,0,0,0,0,0,0,0,0,0,0,0,0,0,0,0,0
80,0,2,2,2,0,0,0,0,1,0,0,2,2,0,2,0,2,2,1,2,1,1,2,0,0,0,2,0,1,1,2,0,0,2,0,0,0,2,1,1,0,0,2,0,0,0,0,2,2,1,0,0,1,0,1,1,2,0,2,2,0,2,0,0,0,0,0,1,1,1,0,0,0,2,0,1,1,0,1,2,0,0,1,2,0,0,1,1,2,2,1,0,0,0,2,1,1,2,0,1,2,1,0,2,0,0,2,2,2,1,1,0,1,0,0,1,1,0,0,2,0,1,1,2,2
6260,0,2,2,2,2,0,1,2,2,2,2,0,0,1,2,1,1,2,0,0,1,2,1,2,2,2,1,1,2,1,1,0,1,2,2,2,1,0,2,2,2,2,0,1,2,0,2,2,2,2,1,2,2,1,0,1,0,1,0,1,2,0,1,0,0,0,0,2,2,2,0,2,1,1,2,2,1,1,2,2,0,0,2,2,2,1,2,2,1,0,1,2,2,2,2,0,1,0,2,2,1,1,1,0,0,2,0,0,0,2,1,2,0,2,0,2,1,2,1,1,0,1,1,1,2
1450,0,2,0,2,0,1,0,2,2,1,2,2,2,1,0,2,1,2,1,0,2,0,1,0,1,0,1,2,2,1,2,0,2,0,1,1,2,1,0,1,0,1,2,0,2,1,2,1,1,1,1,2,1,1,1,2,1,1,2,0,0,2,2,0,0,0,0,1,1,0,0,1,2,1,1,0,2,1,2,2,2,0,1,2,0,2,1,1,2,1,0,2,2,0,1,1,0,0,1,1,1,2,1,0,1,0,1,2,1,2,1,1,1,0,0,0,0,0,0,0,2,2,1,0,2
880,0,2,1,2,0,1,1,0,1,1,2,1,1,1,2,2,1,2,0,2,1,2,2,0,2,2,0,1,2,1,2,0,2,2,2,0,2,2,0,2,1,1,0,2,0,1,2,2,2,1,1,2,0,1,0,0,0,0,2,2,2,2,0,0,0,0,0,2,2,0,0,1,1,1,2,2,1,2,2,2,0,2,1,2,2,0,0,1,0,1,1,2,1,1,1,0,0,1,0,0,1,1,1,2,0,2,0,2,1,0,2,1,2,2,0,0,0,2,1,0,0,2,1,2,0
1440,0,2,2,2,2,1,0,0,0,0,2,2,2,1,2,2,1,2,1,1,1,1,1,2,0,2,2,1,1,1,2,0,0,2,2,2,0,0,1,2,1,1,1,1,2,1,2,0,2,0,1,2,2,1,1,2,2,0,2,0,2,2,0,0,0,0,0,2,1,2,0,2,1,1,0,1,1,0,2,2,1,2,0,2,2,1,2,0,1,1,1,2,2,0,2,2,1,1,0,2,1,0,0,0,1,0,0,2,1,0,1,2,1,2,2,0,1,2,1,2,2,2,1,1,2
252670,0,1,1,1,1,0,2,2,2,2,1,1,0,1,0,2,0,1,2,0,2,2,1,1,0,0,1,2,1,1,1,0,1,1,1,0,2,0,2,1,2,2,2,0,2,2,0,1,1,0,2,1,0,2,2,1,1,0,1,1,0,1,0,0,0,0,0,1,0,0,0,2,2,2,1,1,2,2,1,1,1,2,1,1,0,2,1,2,2,2,2,1,1,2,1,0,2,2,0,1,2,2,0,0,1,0,2,1,2,1,2,1,2,1,2,2,2,1,2,2,2,0,2,1,2
120110,0,2,1,2,2,1,1,1,2,0,1,2,1,0,2,1,1,2,2,1,1,1,0,2,1,2,1,1,0,1,2,0,2,2,2,0,1,1,2,2,1,1,2,0,2,1,2,2,2,1,2,0,2,1,1,2,1,2,2,2,2,2,1,0,0,0,0,2,1,1,0,2,1,1,2,2,1,0,2,2,2,1,1,2,1,1,2,1,0,1,1,0,2,2,2,2,1,1,1,1,1,0,2,0,0,1,0,2,0,0,2,0,0,2,1,0,1,2,1,0,0,0,1,0,2
17800,0,2,1,2,1,0,1,0,1,0,1,0,0,1,2,2,1,2,1,1,0,1,2,2,1,2,1,0,1,2,2,0,1,1,0,0,1,1,2,2,2,1,2,1,2,0,2,2,2,1,0,2,2,1,1,1,2,1,2,1,1,2,1,0,0,0,0,2,2,1,0,0,1,1,1,2,1,1,1,2,1,1,2,1,2,1,2,2,0,1,1,0,1,1,1,0,2,1,2,0,2,0,0,0,2,0,1,2,2,2,1,0,0,2,2,2,1,0,1,1,0,1,0,2,1
102110,0,0,2,2,2,0,1,1,1,1,0,2,0,0,0,1,0,2,1,0,1,1,2,2,0,0,2,1,0,0,2,0,2,0,0,0,0,0,1,2,1,0,0,0,1,1,0,2,2,0,0,2,0,1,1,2,2,0,2,0,0,2,0,0,0,0,0,2,0,0,0,0,1,1,2,2,1,0,2,2,2,1,2,2,0,0,2,1,1,1,1,2,2,0,2,0,1,1,0,2,1,1,0,0,2,0,1,0,1,2,1,2,0,0,1,0,0,2,1,1,0,0,1,2,1
3090,0,2,2,2,2,1,0,1,1,1,2,2,1,0,1,2,2,2,1,1,1,1,1,1,1,0,2,1,1,2,2,0,2,2,1,1,2,0,0,1,0,1,0,1,2,0,2,2,0,1,1,2,2,1,2,1,0,0,2,1,2,1,1,0,0,0,0,1,1,1,0,1,1,2,2,1,2,2,2,2,1,2,0,2,1,2,0,1,0,2,1,2,1,2,2,2,1,1,2,1,2,2,0,1,2,0,1,2,2,0,1,1,2,1,0,2,1,2,2,1,1,1,1,2,1
52690,0,2,0,2,1,1,1,2,1,2,2,0,0,1,0,2,1,2,1,1,1,2,1,2,0,1,2,1,2,1,2,0,2,0,2,1,0,1,1,0,1,1,0,2,2,0,2,2,2,1,0,2,2,1,2,0,1,2,0,1,1,2,1,0,0,0,0,2,2,0,0,0,1,1,2,2,2,2,2,2,1,0,2,2,2,1,2,1,1,1,1,2,2,2,2,2,1,1,1,0,1,0,0,1,1,1,0,2,1,0,1,0,1,1,2,0,1,2,1,0,2,2,1,2,2
11000,0,2,2,2,2,1,1,1,1,2,2,2,0,1,1,1,2,2,1,2,1,1,2,1,1,1,2,1,2,2,2,0,2,2,1,0,2,2,1,0,0,1,2,2,2,0,0,0,0,1,0,2,2,1,2,0,2,2,2,1,2,2,1,0,0,0,0,2,2,0,0,2,1,1,2,2,1,2,2,0,1,1,2,2,0,1,2,0,1,1,1,2,1,2,2,2,1,1,2,1,2,2,2,1,2,2,1,2,2,2,0,2,0,2,2,0,2,2,0,2,1,1,1,2,1
294870,0,2,2,2,2,1,1,0,0,1,1,2,2,0,0,2,2,2,1,0,1,1,2,2,0,2,0,1,1,1,2,0,2,0,1,0,0,0,1,2,1,1,0,0,2,1,2,2,0,1,1,2,1,1,1,2,1,2,2,2,0,2,1,0,0,0,0,2,0,0,0,0,0,1,2,2,0,1,2,0,1,0,1,1,1,2,1,1,1,1,1,0,1,1,2,2,1,1,1,1,2,1,1,2,1,1,1,2,1,2,1,1,1,0,2,2,1,2,2,1,0,1,2,2,1
1230,0,2,2,2,1,2,1,2,0,2,2,2,2,0,2,2,2,2,0,1,1,2,2,2,2,2,2,0,2,1,2,0,2,0,2,1,2,2,1,2,1,1,2,2,0,1,0,2,2,1,2,2,0,2,1,2,1,2,2,0,2,2,1,0,0,0,0,2,2,0,0,2,1,1,2,2,1,2,2,0,2,1,1,2,1,1,2,1,1,1,1,2,2,2,2,1,1,1,0,0,1,0,0,1,2,2,0,2,1,0,0,2,0,2,0,1,2,2,0,2,1,0,1,2,1
4370,0,2,1,0,1,2,2,1,2,1,2,1,1,2,1,2,0,2,1,2,0,1,2,0,1,1,2,2,0,1,1,0,0,2,1,2,0,2,0,1,2,2,1,1,2,2,1,2,2,2,2,1,0,1,0,2,1,0,2,1,0,1,1,0,0,0,0,1,2,1,0,2,2,2,0,2,2,2,2,2,1,1,1,0,0,1,0,1,2,2,1,0,0,1,0,1,2,2,2,2,0,2,0,1,0,0,2,2,2,1,2,0,1,2,2,1,2,1,2,2,1,1,0,0,2
73240,0,2,2,0,2,0,1,0,2,1,2,2,1,2,0,0,2,1,0,0,2,1,2,2,2,2,1,0,2,0,0,0,0,1,1,1,0,0,1,0,0,0,0,1,2,2,1,2,2,1,2,0,1,0,1,2,0,1,2,1,0,0,2,0,0,0,0,2,0,0,0,2,1,0,2,0,0,1,2,2,1,1,1,0,1,2,2,1,1,1,1,0,1,0,1,1,1,1,1,1,2,1,1,2,2,0,1,2,0,2,0,1,0,2,0,1,1,2,1,0,1,2,1,2,1
7310,0,2,2,2,2,0,2,0,0,1,2,2,2,0,0,2,2,2,1,2,0,1,2,1,0,1,2,0,1,1,1,0,2,2,2,0,1,2,2,1,1,2,0,0,2,1,2,0,2,1,1,1,0,0,1,2,0,0,2,2,0,0,1,0,0,0,0,2,1,1,0,2,1,0,2,1,2,0,2,2,0,0,1,0,2,1,1,1,2,1,2,2,0,1,2,1,1,2,2,1,0,2,1,0,0,0,2,2,2,0,1,0,1,0,2,0,1,2,0,1,1,0,1,2,2
51600,0,2,2,2,1,1,1,2,1,2,0,2,0,1,0,1,0,2,1,0,1,0,0,2,1,0,2,1,2,1,2,0,2,0,2,1,1,0,1,2,1,0,0,2,2,0,2,0,1,0,1,2,0,1,2,0,1,2,0,0,2,2,0,0,0,0,0,2,0,1,0,1,0,0,1,2,1,1,2,2,2,0,1,2,2,0,0,1,0,1,1,0,1,0,2,0,1,1,2,2,0,0,0,1,1,1,2,0,0,2,1,1,1,0,2,1,1,0,0,2,0,2,1,2,1
10120,0,1,2,0,0,1,1,1,0,2,2,1,1,0,2,1,1,2,0,1,1,2,1,2,2,0,1,1,2,1,1,0,2,2,2,2,1,2,0,2,0,0,0,1,2,2,1,2,2,0,1,2,2,1,0,1,0,0,1,2,2,2,1,0,0,0,0,2,0,2,0,2,0,1,2,2,1,2,2,2,2,1,0,2,2,1,2,2,1,2,1,2,2,0,2,2,1,1,1,1,1,0,1,2,1,2,0,0,0,2,0,2,0,2,0,1,0,2,1,1,1,2,1,1,2
69620,0,2,2,2,1,2,1,1,1,1,2,0,1,0,1,2,1,2,1,1,1,1,1,1,0,2,2,1,1,2,2,0,2,2,2,1,2,2,1,1,2,0,2,2,2,1,0,1,0,1,1,2,0,1,1,2,2,0,2,2,0,2,1,0,0,0,0,2,1,1,0,1,1,0,2,2,2,2,2,2,0,1,0,2,1,2,0,1,1,2,1,0,1,1,2,2,1,1,0,2,1,1,0,1,2,0,2,2,2,1,2,1,0,1,1,0,0,2,2,0,0,0,1,2,1
69960,0,0,1,0,2,1,1,1,2,0,1,2,0,1,0,2,2,2,1,2,0,1,1,0,1,1,2,2,1,1,1,0,2,2,0,2,0,1,1,1,1,1,0,2,2,1,2,0,2,1,1,2,2,1,1,0,2,2,2,2,1,2,0,0,0,0,0,2,2,2,0,2,2,2,0,2,0,2,2,2,1,1,1,2,1,2,0,1,2,1,1,2,2,2,2,2,1,1,0,2,1,1,2,0,2,2,2,2,0,0,1,1,0,2,0,0,0,2,1,1,2,0,1,2,1
42700,0,1,2,2,0,2,1,1,1,1,1,0,2,1,2,1,2,2,1,1,1,1,2,0,2,1,1,2,0,1,2,0,1,1,1,1,2,1,2,2,1,1,1,1,2,2,1,2,0,2,2,2,1,1,1,2,2,0,2,1,0,1,1,0,0,0,0,1,2,0,0,2,1,1,1,1,1,2,0,0,2,1,1,2,2,0,2,0,1,2,1,1,2,1,1,2,1,1,0,1,2,2,0,2,1,2,1,2,1,2,2,2,0,1,1,2,0,2,1,2,0,1,2,1,2
4000,0,2,0,2,0,2,0,1,2,1,0,1,2,0,1,2,1,2,1,2,2,0,2,0,1,2,1,0,0,1,0,0,2,0,0,1,2,0,0,0,1,1,2,0,0,1,2,0,2,1,2,2,2,1,1,1,2,0,2,0,0,0,1,0,0,0,0,2,0,1,0,0,1,2,2,2,2,1,2,2,0,1,1,2,0,1,2,1,1,2,1,2,2,0,0,2,1,1,0,1,0,2,0,0,1,0,2,0,2,2,1,2,1,1,0,1,0,2,0,0,0,0,1,2,1
102780,0,0,0,2,2,0,1,1,1,1,0,2,0,2,0,1,0,2,1,0,0,1,2,2,0,0,0,1,0,0,2,0,2,0,2,0,1,0,1,2,0,0,0,0,1,1,0,2,0,0,0,2,0,1,1,2,2,0,2,2,2,2,2,0,0,0,0,2,0,0,0,1,1,1,2,2,1,0,2,2,2,1,2,2,1,0,2,1,1,0,1,2,2,0,2,0,1,1,0,2,1,0,1,0,2,0,1,0,0,2,0,0,0,0,1,0,1,2,1,0,0,0,1,2,1
336370,0,2,1,2,2,2,0,0,2,2,1,2,2,1,2,2,2,1,2,2,1,2,2,2,0,0,0,1,2,1,0,0,2,2,2,0,2,2,0,0,1,0,0,1,2,1,2,1,2,1,2,0,2,0,2,2,2,0,2,0,1,0,1,0,0,0,0,2,0,2,0,2,1,1,2,2,1,2,2,2,2,1,2,2,1,1,2,2,1,1,1,2,0,2,2,2,1,1,1,2,1,1,2,2,0,2,0,1,1,0,2,0,0,2,1,1,2,2,1,2,2,2,1,2,1
111770,0,0,2,0,2,2,1,2,2,2,2,1,2,2,2,1,2,2,1,1,0,2,1,2,1,1,2,2,1,0,1,0,2,2,2,2,2,2,2,2,1,2,2,1,0,1,0,2,0,1,1,2,2,1,2,2,0,0,2,0,0,2,2,0,0,0,0,2,1,2,0,1,1,1,2,2,1,1,0,2,1,2,1,2,2,1,1,1,2,1,1,2,0,1,2,2,2,2,2,2,0,1,2,1,0,2,0,2,2,1,1,0,2,1,2,1,2,2,2,1,0,1,1,2,2
6650,0,2,1,2,2,1,2,0,0,1,2,1,2,1,2,2,2,2,1,2,1,1,0,0,1,0,2,2,1,0,2,0,2,2,0,1,2,2,1,0,1,1,1,1,2,1,1,1,2,1,0,2,1,1,0,0,1,2,2,2,1,2,0,0,0,0,0,2,1,2,0,1,1,1,2,1,2,0,0,2,1,1,1,2,1,1,1,2,2,1,0,1,2,0,2,0,2,1,2,1,0,1,0,2,1,1,2,2,1,0,0,0,2,1,2,2,0,2,0,0,1,2,1,2,2
240,0,2,2,0,2,0,1,2,2,1,0,0,0,0,0,2,2,2,1,0,1,1,2,2,0,2,0,1,0,1,2,0,2,0,1,0,2,2,2,2,1,1,1,0,0,1,2,2,1,1,1,0,1,0,0,0,0,0,2,0,0,2,0,0,0,0,0,2,2,1,0,1,0,1,0,1,0,0,1,2,1,2,1,2,1,1,1,0,1,1,1,0,2,0,1,0,1,1,0,2,2,1,0,1,1,1,1,0,1,1,1,1,2,1,0,1,2,1,2,2,1,2,1,2,2
10780,0,0,2,2,2,1,1,2,0,1,0,2,0,1,0,2,1,2,2,1,1,0,2,2,1,2,2,1,2,0,2,0,2,1,0,0,0,1,2,1,1,1,0,2,2,1,2,2,2,1,2,0,2,1,1,1,2,2,2,2,2,2,2,0,0,0,0,2,2,1,0,2,1,1,2,2,1,0,2,2,2,1,1,2,2,1,2,1,1,1,1,2,2,1,2,2,1,1,2,2,1,1,2,0,1,2,2,2,2,2,0,1,1,2,1,0,1,2,0,1,0,0,1,2,1
16380,0,1,2,2,2,1,1,1,2,0,2,2,2,2,0,1,0,2,1,0,1,2,2,0,0,2,2,1,1,0,2,0,2,2,1,0,2,2,1,2,1,2,1,2,2,1,1,2,2,1,1,2,0,0,1,0,0,1,2,2,2,2,1,0,0,0,0,2,2,1,0,2,1,1,2,2,1,1,2,2,2,2,2,2,0,1,2,1,1,1,1,0,0,0,0,1,2,1,0,2,1,1,0,1,1,2,1,0,1,2,1,0,1,2,2,2,1,2,1,0,1,0,1,1,2
150,0,2,0,2,2,1,1,2,2,0,2,2,0,1,2,1,1,2,1,1,1,1,2,2,1,0,1,0,2,1,1,0,2,2,2,0,1,0,1,2,1,2,2,1,2,2,0,2,2,1,1,2,2,1,1,2,2,0,2,0,2,1,1,0,0,0,0,1,2,2,0,2,1,1,2,2,2,2,2,2,2,1,2,2,2,1,2,1,1,2,1,2,1,2,2,2,1,1,1,2,1,0,1,0,1,1,2,0,1,2,0,1,2,0,1,2,2,2,1,1,1,1,1,2,2
9900,0,0,0,1,2,2,1,2,1,2,0,2,2,2,2,2,1,2,0,0,1,2,2,0,2,2,2,1,1,1,2,0,2,0,1,2,1,2,1,2,1,1,1,0,2,0,2,2,2,0,1,2,1,0,0,2,2,1,2,2,2,2,0,0,0,0,0,2,2,1,0,2,1,1,2,2,1,0,2,2,1,1,2,2,1,2,2,0,1,1,1,2,1,0,2,2,1,1,1,2,1,1,0,0,2,0,0,0,0,2,0,2,0,2,0,1,1,1,0,0,0,2,1,0,2
13890,0,2,2,2,2,0,1,1,2,2,1,2,2,2,1,2,2,2,1,1,0,1,2,1,1,0,2,0,1,1,2,0,2,2,2,0,1,2,1,0,1,1,2,0,2,1,2,1,0,0,2,0,2,1,0,2,2,2,2,2,2,2,2,0,0,0,0,2,2,1,0,2,1,0,0,2,1,2,2,0,1,2,1,2,0,1,2,2,1,0,1,1,1,2,0,2,0,1,2,2,1,1,2,2,2,2,2,2,2,2,2,0,1,1,1,0,1,2,2,1,1,0,1,0,1
5850,0,1,2,1,1,2,1,0,2,1,2,1,2,2,1,2,1,2,2,1,0,0,2,0,2,2,2,1,2,1,2,0,1,2,1,2,1,0,2,2,1,1,0,1,2,1,1,1,2,2,2,2,1,1,1,2,2,1,2,0,1,2,0,0,0,0,0,2,1,0,0,2,1,1,2,2,2,1,2,2,1,0,2,2,1,2,1,2,1,2,1,2,2,1,2,0,1,1,1,0,2,1,2,0,1,0,2,0,2,2,1,2,0,0,1,0,1,2,0,1,1,1,1,1,2
1740,0,2,1,0,2,1,1,1,1,2,1,1,1,1,0,0,1,2,2,2,1,2,1,0,1,0,1,1,2,1,2,0,0,0,2,1,2,1,1,2,1,0,1,0,2,1,2,2,2,2,0,2,0,1,1,2,1,1,2,2,0,2,2,0,0,0,0,2,2,1,0,2,0,1,1,2,0,1,2,2,2,2,1,2,2,1,2,0,1,1,1,2,2,1,2,0,1,1,0,2,1,1,0,1,0,0,1,2,2,0,1,2,1,2,1,2,1,2,0,0,0,1,1,2,1
139130,0,0,2,2,2,0,1,1,0,0,2,2,0,1,0,2,2,2,1,2,1,1,0,2,0,0,1,2,2,0,0,0,2,0,1,2,0,2,1,0,1,0,0,1,2,1,0,0,0,1,1,0,0,1,0,1,2,0,2,1,0,2,0,0,0,0,0,2,0,1,0,1,2,1,0,0,0,1,2,0,2,0,1,2,0,2,2,1,2,1,1,2,0,1,2,1,1,0,1,2,1,1,0,0,0,1,0,0,1,0,0,0,1,2,0,0,0,0,0,0,2,2,1,1,1
181710,0,2,0,0,2,1,1,2,0,1,1,2,1,1,2,2,2,2,1,2,1,1,2,0,1,1,2,2,1,2,1,0,2,2,1,1,2,2,2,2,1,0,1,2,0,2,0,2,2,1,0,0,2,1,2,2,0,2,2,2,2,2,1,0,0,0,0,2,2,0,0,0,1,1,2,2,1,1,2,2,2,1,1,2,1,1,0,1,0,1,1,2,1,2,2,2,1,1,2,2,1,0,0,0,0,0,0,0,1,2,0,2,1,2,1,2,1,1,2,1,2,2,2,2,2
175330,0,2,2,2,2,0,0,2,0,1,1,0,0,1,0,2,2,1,1,2,0,1,2,2,1,0,1,2,0,1,0,0,2,0,0,0,0,1,0,1,1,0,1,1,2,1,0,1,0,0,1,0,2,1,1,0,0,2,0,1,2,2,2,0,0,0,0,2,0,1,0,1,0,1,1,0,1,1,2,2,2,1,2,2,0,2,0,1,2,1,1,2,1,1,2,1,1,1,0,0,0,0,0,2,0,1,2,0,2,0,2,2,1,0,0,0,1,0,0,0,2,0,1,0,1
5250,0,2,0,2,2,2,1,1,1,1,2,2,0,1,1,2,2,2,1,1,1,1,0,1,2,2,2,1,0,0,2,0,2,2,0,1,2,2,1,0,0,2,1,0,0,0,2,2,0,1,1,1,0,0,1,2,0,2,2,0,0,2,0,0,0,0,0,1,1,1,0,2,1,2,2,1,0,0,2,2,1,2,1,2,1,0,2,0,1,0,1,2,1,0,2,0,1,0,0,1,2,1,2,0,0,0,0,2,0,2,1,1,2,0,2,1,1,2,1,2,1,1,1,0,1
185750,0,2,2,2,2,0,2,1,1,1,2,0,1,0,1,2,2,2,1,1,2,1,2,1,1,0,0,1,0,1,0,0,0,2,1,2,2,1,0,1,0,0,0,1,2,1,2,0,1,1,1,2,0,1,2,2,1,2,2,1,2,1,0,0,0,0,0,0,2,1,0,2,1,1,0,0,2,2,2,2,1,2,1,2,1,2,1,0,1,1,1,1,0,2,2,2,1,0,1,2,0,1,2,1,1,2,1,2,0,0,2,1,0,1,0,2,1,2,1,2,1,1,1,2,1
3000,0,2,0,2,0,2,1,0,0,2,0,2,1,0,1,2,2,2,1,1,0,1,2,1,0,0,2,1,1,2,1,0,2,2,2,0,0,2,0,0,0,1,0,0,2,0,0,1,2,1,1,2,2,2,2,1,2,2,2,2,2,0,1,0,0,0,0,2,2,1,0,0,0,0,2,2,0,2,2,2,0,1,1,2,1,1,2,0,1,1,1,1,1,2,2,0,2,2,1,0,1,1,0,0,1,2,2,2,0,2,2,1,1,2,0,2,0,2,0,0,2,1,1,2,0
51905,0,2,2,2,2,1,1,1,0,1,0,0,0,2,2,2,0,2,1,2,1,1,1,0,1,2,2,0,1,2,2,0,2,2,2,2,2,2,1,1,1,2,1,2,1,1,2,2,2,2,2,1,2,0,0,0,1,2,2,2,1,2,1,0,0,0,0,2,2,2,0,0,0,0,2,2,1,2,2,0,0,0,1,2,2,2,1,0,2,1,1,1,2,2,2,2,0,1,1,2,1,0,2,0,2,2,0,2,2,2,0,2,0,0,0,1,0,1,1,2,1,1,1,0,2
330590,0,1,2,0,0,2,0,1,1,1,2,2,0,0,1,0,0,2,2,0,2,1,2,0,0,1,2,2,2,0,0,0,2,0,0,1,0,0,0,2,0,1,1,2,1,0,2,1,0,1,0,2,2,2,1,0,2,0,2,0,0,2,0,0,0,0,0,2,2,0,0,0,0,2,2,1,1,0,2,2,2,1,1,2,0,1,0,0,1,1,1,2,1,0,0,0,0,1,0,1,1,1,0,0,2,0,2,2,2,1,1,1,0,0,0,0,2,0,0,0,2,1,1,0,1
192820,0,1,2,2,2,1,0,1,2,1,1,1,2,1,1,0,1,2,1,2,0,2,1,2,1,1,2,2,1,1,1,0,2,0,1,0,2,1,0,1,1,1,0,1,2,2,0,0,2,0,0,2,2,0,2,1,2,0,2,2,1,2,1,0,0,0,0,2,0,2,0,2,2,2,1,0,1,1,2,2,1,1,1,2,2,1,2,2,0,2,1,1,0,1,2,2,2,2,2,2,1,1,2,1,0,2,1,2,2,1,1,1,1,2,1,0,2,0,1,2,0,2,1,1,2
214980,0,0,0,0,0,0,0,0,0,0,0,0,0,0,0,0,0,0,0,0,0,0,0,0,0,0,0,0,0,0,0,0,0,0,0,0,0,0,0,0,0,0,0,0,0,0,0,0,0,0,0,0,0,0,0,0,0,0,0,0,0,0,0,0,0,0,0,0,0,0,0,0,0,0,0,0,0,0,0,0,0,0,0,0,0,0,0,0,0,0,0,0,0,0,0,0,0,0,0,0,0,0,0,0,0,0,0,0,0,0,0,0,0,0,0,0,0,0,0,0,0,0,0,0,0
122630,0,2,2,2,2,0,1,1,1,1,2,2,0,2,0,1,0,2,1,2,1,1,2,2,0,2,2,1,2,2,2,0,2,2,2,0,1,2,1,2,1,1,1,0,1,1,0,2,2,0,1,2,0,1,1,2,2,0,2,2,0,2,0,0,0,0,0,2,0,0,0,1,1,1,2,2,1,1,2,2,2,1,2,2,0,1,2,1,1,1,1,2,2,1,2,0,1,1,0,2,1,1,0,0,2,0,1,2,1,2,1,2,1,2,1,1,1,2,1,1,0,1,1,2,1
31430,0,2,2,2,2,1,1,1,0,0,2,2,2,0,0,2,2,2,1,0,0,1,0,0,1,0,2,0,1,2,1,0,2,2,0,2,2,2,2,1,1,1,1,0,2,0,2,2,2,1,1,2,1,2,1,0,2,2,2,2,1,2,1,0,0,0,0,2,2,2,0,2,1,1,1,2,1,2,2,2,0,2,1,2,2,2,1,1,0,1,1,2,0,1,2,0,1,1,0,2,1,1,1,0,2,1,0,2,2,1,2,1,1,2,0,1,1,1,2,0,1,0,1,0,2
273130,0,0,0,0,0,0,1,0,1,0,0,0,0,0,0,0,0,0,0,0,0,0,0,0,0,0,0,0,0,0,0,0,0,2,1,0,0,0,0,0,0,0,0,0,0,0,0,0,2,0,0,0,0,0,0,0,0,0,0,0,0,0,0,0,0,0,0,2,0,0,0,0,0,0,0,0,0,0,0,0,0,0,0,0,1,0,0,0,1,0,0,0,0,0,0,0,0,1,0,0,0,0,0,0,0,0,0,1,0,0,0,0,0,0,0,0,0,0,1,0,0,0,0,0,0
32350,0,2,1,2,2,1,1,1,0,0,0,0,2,0,2,2,2,2,1,0,0,1,1,0,1,1,2,2,1,2,1,0,1,2,0,2,1,0,1,1,1,2,1,2,2,2,2,1,2,1,2,2,2,0,1,1,2,2,0,2,2,2,0,0,0,0,0,2,2,2,0,2,0,1,2,2,2,2,2,2,1,1,1,0,2,1,0,2,0,1,1,2,2,2,2,2,0,1,0,0,1,0,2,0,2,2,2,2,1,2,1,0,0,2,0,1,1,2,1,1,2,2,1,2,1
66575,0,1,0,2,2,2,0,0,1,1,2,0,0,2,2,2,0,2,1,2,2,1,2,0,2,0,0,1,2,1,2,0,2,0,0,1,0,0,1,2,0,0,1,0,1,1,0,2,2,0,2,0,1,0,1,2,2,2,2,2,2,2,0,0,0,0,0,2,1,0,0,1,1,0,2,0,1,0,2,2,2,1,1,2,2,1,2,1,0,1,1,2,2,0,0,2,1,1,1,2,1,1,0,0,0,0,0,2,2,0,2,2,0,2,0,0,1,0,0,2,1,1,1,1,2
363280,0,2,0,2,0,0,0,2,2,0,0,2,2,0,0,2,2,2,0,1,1,1,2,0,1,2,2,1,1,0,2,0,2,2,1,0,0,1,0,1,1,0,2,0,1,0,2,0,2,1,0,0,1,1,1,2,1,2,0,2,2,2,1,0,0,0,0,0,0,0,0,2,0,1,2,2,0,0,2,2,2,1,0,2,2,0,0,1,1,1,1,2,1,1,2,2,2,1,1,0,1,1,0,0,2,2,2,2,2,2,1,0,1,1,1,2,2,2,2,2,2,1,2,2,1
298000,0,2,2,1,2,1,1,2,2,2,1,2,2,2,1,2,0,2,2,1,1,2,1,1,2,1,2,2,0,1,2,0,2,2,0,1,2,1,1,2,2,0,1,2,2,0,2,2,2,0,1,2,2,1,1,2,1,2,1,0,2,2,1,0,0,0,0,2,0,2,0,2,1,1,2,2,1,0,2,1,1,1,1,2,1,1,2,2,1,1,0,2,2,0,2,1,2,1,1,2,1,0,2,2,1,2,2,2,1,2,1,2,2,1,2,2,2,2,1,1,2,2,1,2,2
278530,0,0,2,2,2,0,1,1,1,1,0,2,0,0,0,1,0,2,1,0,0,1,2,0,0,0,2,1,0,0,2,0,2,0,0,0,0,0,1,2,1,0,0,0,1,1,0,2,0,0,0,2,0,1,1,2,2,0,2,0,0,2,0,0,0,0,0,2,0,0,0,0,1,1,2,2,1,0,2,2,2,1,2,2,0,0,2,1,1,1,1,2,2,0,2,0,1,1,0,2,1,1,0,0,2,0,1,0,1,2,0,2,0,0,1,0,1,2,1,1,0,0,1,2,1
670,0,2,2,2,2,0,1,1,2,1,2,2,0,1,0,1,1,2,1,0,1,1,2,1,2,2,1,0,1,0,2,0,2,2,2,2,2,0,1,1,1,1,0,0,2,1,1,2,2,0,2,2,1,1,2,0,2,0,2,1,0,2,1,0,0,0,0,2,1,1,0,1,2,1,0,2,2,0,2,2,2,0,1,2,2,1,2,2,1,1,1,2,0,2,2,0,1,1,0,0,0,0,2,1,1,0,0,2,0,0,1,1,2,2,2,1,2,2,2,1,2,1,1,2,1
292150,0,0,2,2,2,0,1,1,1,1,0,0,0,2,1,1,0,2,0,1,0,1,2,0,0,2,2,1,0,2,2,0,2,0,0,0,1,2,1,2,0,1,1,0,0,1,0,2,0,2,0,0,0,1,1,2,2,0,2,0,2,2,0,0,0,0,0,2,1,0,0,0,1,1,2,2,1,0,2,2,0,1,2,2,1,0,2,1,1,1,1,2,2,0,2,0,1,1,0,2,1,0,0,0,2,0,1,0,1,2,0,2,0,0,1,1,0,2,1,1,0,0,1,2,1
161890,0,1,0,0,1,2,1,1,2,1,2,0,2,1,1,2,1,2,1,1,1,1,2,1,1,1,1,2,1,1,1,0,0,2,1,2,2,1,0,1,0,0,0,1,2,2,0,0,0,1,0,2,2,1,0,1,1,2,2,2,1,2,1,0,0,0,0,2,2,2,0,2,1,1,1,0,1,1,2,2,1,2,1,2,0,1,2,1,2,2,2,1,1,1,2,2,1,0,2,2,1,1,0,0,2,2,2,0,1,0,1,1,1,1,0,1,2,1,1,2,1,1,2,2,2
5300,0,2,2,0,2,0,1,2,1,1,2,1,2,0,2,0,2,2,1,2,1,1,2,1,0,1,1,2,1,0,1,0,2,2,1,1,1,2,1,0,2,2,2,2,2,0,0,2,2,1,2,2,1,0,0,0,1,0,2,2,0,2,2,0,0,0,0,2,1,0,0,1,2,2,1,1,1,2,2,2,1,2,1,0,2,1,1,1,2,1,2,1,1,0,2,2,1,1,2,2,2,1,1,2,1,2,0,2,2,0,0,1,1,2,1,2,1,1,2,2,1,0,2,1,1
4490,0,1,0,0,0,2,1,2,2,1,2,1,2,1,1,2,0,2,2,1,1,1,0,0,0,2,1,1,0,0,1,0,0,0,1,0,0,0,2,1,0,1,1,0,0,1,1,2,2,1,1,0,2,1,1,0,0,1,2,2,2,2,1,0,0,0,0,2,2,0,0,2,1,1,2,2,0,1,2,2,2,1,2,2,1,2,2,1,1,1,1,2,2,1,2,1,1,1,2,2,1,2,0,0,0,2,2,1,1,2,0,2,1,2,0,1,2,2,1,1,1,2,1,2,0
214320,0,2,2,0,0,1,1,1,1,0,1,2,2,2,2,2,0,2,1,0,0,1,2,1,1,2,0,2,2,1,0,0,1,2,1,0,2,1,2,2,0,1,2,0,1,0,0,0,0,1,2,1,1,0,2,1,0,2,0,0,1,0,1,0,0,0,0,0,0,2,0,1,0,0,0,1,2,1,2,2,1,2,1,2,2,0,0,1,2,1,0,1,2,2,0,2,2,1,1,2,2,1,2,2,0,0,0,2,2,1,1,1,1,0,0,0,2,1,2,1,2,2,1,2,2
91990,0,2,0,2,2,0,0,1,1,1,2,2,0,0,1,2,2,2,1,1,1,1,2,1,0,2,2,1,1,1,2,0,2,2,1,2,2,2,1,2,0,1,0,2,0,0,1,0,0,0,1,2,0,0,0,0,0,0,2,2,2,0,1,0,0,0,0,2,2,1,0,1,1,0,1,1,0,2,0,0,2,1,2,2,0,1,2,1,0,1,1,2,1,0,2,0,1,1,1,0,1,1,0,1,2,2,1,2,1,2,2,0,2,2,1,1,1,2,1,2,0,0,0,0,0
293490,0,2,2,2,2,2,1,1,1,1,1,2,2,0,2,2,2,2,1,2,1,1,2,2,0,1,2,0,0,2,2,0,2,2,2,1,1,2,1,2,0,1,1,2,0,1,2,2,2,2,0,0,2,1,1,2,2,2,2,2,0,0,1,0,0,0,0,2,0,1,0,1,1,1,2,2,1,2,2,0,2,1,2,2,1,0,2,0,1,1,1,2,1,0,2,2,0,1,1,2,1,1,1,2,2,2,1,2,2,2,0,2,0,2,1,2,2,2,1,2,0,1,2,2,2
247540,0,1,1,2,1,1,1,2,1,0,2,1,1,0,1,1,1,2,2,1,1,2,2,1,2,2,0,1,2,2,2,0,2,1,2,1,1,2,1,1,1,2,2,0,2,0,0,2,2,1,2,2,2,1,2,0,2,1,2,1,2,2,2,0,0,0,0,2,2,1,0,2,1,1,2,2,1,0,2,2,2,1,2,2,1,1,2,2,1,1,1,2,2,2,2,2,1,0,2,2,1,2,2,1,0,2,1,1,1,1,1,2,2,0,1,1,1,2,1,2,1,2,0,2,2
68760,0,2,0,2,2,2,1,1,1,1,2,2,0,0,1,1,0,1,0,1,0,1,2,1,2,2,2,1,1,1,2,0,2,2,2,2,2,2,0,1,2,1,0,2,2,1,0,0,1,1,1,0,2,1,0,1,2,2,2,2,2,2,1,0,0,0,0,2,2,1,0,1,0,1,0,2,0,2,2,2,1,1,2,2,0,1,2,1,1,1,1,2,1,0,2,1,0,1,1,1,1,1,1,1,2,2,2,2,1,0,2,0,2,0,1,1,2,1,1,2,1,1,1,2,1
263750,0,2,1,2,0,2,1,0,1,1,1,1,2,1,2,2,2,2,1,1,1,2,2,2,0,1,2,1,1,1,2,0,2,1,1,2,1,2,2,2,1,0,1,0,1,0,2,0,0,1,0,1,2,2,1,2,0,2,2,2,2,2,1,0,0,0,0,2,2,1,0,1,1,1,0,0,1,2,2,1,0,1,0,1,2,1,0,2,2,1,1,2,1,2,2,2,2,1,1,2,1,0,2,0,2,2,0,2,2,0,1,0,0,2,1,1,0,2,1,2,0,1,0,2,2
28300,0,2,0,2,0,2,1,0,1,2,1,2,1,1,2,2,2,2,1,2,1,1,2,1,2,2,2,1,1,2,2,0,0,2,2,1,2,2,1,0,1,1,0,2,2,1,2,1,2,1,1,1,2,1,0,0,2,2,2,1,2,2,1,0,0,0,0,0,0,1,0,2,1,0,1,1,2,2,2,1,0,1,2,0,1,2,0,0,1,2,1,2,2,2,2,2,1,1,1,2,1,0,0,1,0,1,1,2,0,2,1,0,0,2,1,1,1,0,1,1,1,1,1,1,2
96530,0,2,0,2,2,0,1,1,1,0,1,0,1,0,1,2,0,2,1,2,1,2,2,1,0,2,2,1,1,2,2,0,2,0,2,1,1,2,2,1,0,1,0,2,0,1,2,0,2,1,1,2,2,1,1,2,2,1,2,0,2,0,1,0,0,0,0,2,1,1,0,2,1,2,2,0,2,2,2,2,1,1,2,2,2,0,2,1,1,0,1,0,1,1,2,2,0,2,1,2,1,0,2,1,0,1,1,2,2,1,2,1,2,1,2,2,2,2,1,2,0,1,0,2,2
35760,0,2,0,1,1,1,1,1,0,2,2,2,1,0,1,2,1,2,1,2,1,1,0,1,1,2,1,2,1,2,0,0,2,2,2,0,2,2,1,0,1,1,0,2,1,1,2,2,2,1,2,1,2,0,2,2,2,2,2,2,1,2,1,0,0,0,0,2,2,0,0,2,1,1,2,2,1,0,2,2,2,1,1,2,1,1,0,1,0,1,1,2,1,1,1,2,1,2,2,0,2,1,1,1,1,2,2,1,2,1,0,2,1,2,0,1,2,2,1,0,2,2,1,2,1
196170,0,2,2,2,2,2,1,1,1,2,0,0,1,1,1,2,1,2,1,2,1,2,2,1,0,2,2,1,1,0,2,0,2,2,2,1,1,0,1,0,2,1,1,2,2,2,2,2,0,1,1,1,1,1,1,1,1,2,1,2,1,2,1,0,0,0,0,2,2,1,0,2,1,2,2,2,2,2,2,2,1,0,2,1,1,1,0,1,1,1,1,2,2,2,1,2,1,1,2,2,2,1,1,2,1,2,1,2,1,1,2,2,2,0,1,2,2,2,0,2,1,0,1,1,2
66970,0,0,2,2,0,2,1,2,2,1,2,1,1,2,2,1,2,2,2,0,1,2,2,0,2,2,2,1,1,2,2,0,2,1,2,0,0,2,1,1,1,0,2,2,2,1,0,2,2,0,2,1,2,1,1,2,2,1,2,1,2,2,1,0,0,0,0,2,1,2,0,2,1,1,2,2,1,1,2,2,1,1,2,2,1,1,2,2,1,1,1,2,2,0,2,2,1,1,2,2,1,2,2,2,2,2,1,1,1,0,1,2,1,2,1,2,2,2,1,0,2,1,1,2,2
145020,0,2,2,2,0,2,1,1,2,1,2,2,0,1,2,2,1,2,2,0,1,2,0,1,0,0,2,1,1,2,1,0,2,2,1,0,1,2,1,2,0,1,2,0,2,2,2,1,0,1,2,0,1,1,2,0,2,1,2,1,2,0,1,0,0,0,0,1,0,1,0,2,0,1,0,0,2,2,2,1,2,2,1,2,1,1,1,2,1,0,0,2,1,2,2,1,1,1,2,0,1,1,1,2,2,1,2,2,1,0,1,2,1,2,1,0,1,2,1,2,2,0,2,2,1
253450,0,2,2,2,2,0,1,1,1,2,1,2,0,2,1,2,1,2,1,0,1,1,2,0,1,1,2,1,1,2,1,0,2,2,0,0,2,0,1,2,1,1,1,2,1,0,2,2,2,1,2,1,1,1,0,1,2,0,2,0,1,2,1,0,0,0,0,2,0,0,0,2,1,2,2,2,1,2,1,2,2,1,2,2,1,1,0,1,1,1,1,1,1,0,2,2,2,1,1,2,0,1,1,1,0,2,0,2,2,0,2,2,1,0,0,1,2,2,1,0,1,0,2,2,2
58470,0,1,1,2,2,2,1,1,1,1,1,1,2,0,1,0,1,2,1,1,2,1,2,2,1,2,2,0,2,2,1,0,0,0,1,2,1,1,1,2,2,1,0,0,1,0,2,2,1,2,2,1,2,1,2,2,0,2,2,0,1,2,1,0,0,0,0,0,2,1,0,2,1,1,0,0,1,2,2,2,2,0,0,2,2,2,2,1,1,2,1,2,2,1,1,2,1,0,1,1,1,1,0,2,2,1,2,1,1,2,1,1,2,0,1,1,2,2,2,2,1,1,2,2,2
357780,0,2,0,2,2,2,1,1,1,2,1,2,0,0,2,0,1,2,1,1,2,1,2,0,2,2,2,1,0,2,0,0,2,0,2,0,2,2,1,2,2,1,0,2,1,2,2,2,2,2,2,1,2,1,1,2,1,2,2,1,1,2,1,0,0,0,0,0,0,0,0,2,1,0,2,1,1,2,1,0,2,1,2,2,1,1,2,1,1,2,1,2,2,1,1,1,1,1,0,0,1,1,0,2,0,1,1,0,1,1,0,2,1,2,1,2,0,0,0,2,0,2,1,1,1
240810,0,0,2,2,2,0,1,1,0,1,1,1,2,1,2,2,1,2,1,1,0,2,2,0,0,2,2,1,2,0,1,0,1,2,1,2,2,2,1,2,2,0,1,0,1,1,2,0,0,1,0,2,2,1,1,2,2,2,2,1,2,2,2,0,0,0,0,1,1,0,0,0,1,0,0,2,1,2,2,1,2,1,0,2,2,2,2,1,1,1,1,0,2,1,1,1,2,0,2,1,2,1,0,0,0,2,2,0,2,2,0,2,1,2,1,0,1,1,1,2,1,0,0,2,1
64760,0,2,1,2,2,2,1,1,1,0,1,2,2,0,2,2,2,2,1,0,1,1,2,0,0,2,0,0,1,2,0,0,1,1,2,2,2,0,1,0,2,1,0,0,1,0,2,1,2,0,2,1,0,1,1,2,2,0,2,1,2,1,0,0,0,0,0,2,1,1,0,2,2,1,2,2,1,2,2,2,1,1,2,0,1,1,2,0,1,0,0,2,2,2,0,2,1,1,1,1,2,1,1,1,0,0,2,1,2,1,2,0,1,2,1,1,2,1,1,2,1,2,2,1,1
278280,0,2,1,2,1,2,1,0,2,0,1,1,0,0,0,1,2,2,2,1,1,0,2,1,2,2,2,1,1,2,0,0,2,1,2,2,2,2,0,1,1,1,2,2,2,1,2,2,2,0,2,1,2,1,0,2,2,0,2,0,2,2,1,0,0,0,0,2,0,1,0,2,1,1,2,2,1,2,2,2,1,1,2,2,1,0,2,2,1,1,1,2,1,2,2,2,0,1,1,0,1,0,0,1,0,2,0,1,2,2,1,2,1,1,1,2,2,2,1,2,0,0,1,2,2
32500,0,2,2,2,2,2,1,2,1,2,1,2,2,2,2,2,2,2,1,0,2,1,2,2,2,1,2,1,0,2,2,0,2,1,2,1,2,2,1,2,1,1,1,2,1,0,2,2,2,1,2,1,1,2,1,2,1,2,2,2,1,2,1,0,0,0,0,2,2,1,0,2,1,0,2,2,1,2,2,2,2,1,2,2,1,1,2,1,1,1,1,2,0,1,2,2,1,1,1,2,1,1,0,1,2,2,2,2,2,2,2,2,1,2,1,1,0,2,1,0,1,0,2,2,2
95700,0,2,0,2,2,2,1,1,1,2,2,2,1,1,1,2,2,2,1,1,1,1,2,1,2,2,2,1,1,0,2,0,1,2,2,1,2,2,1,1,2,1,1,2,2,2,0,0,0,1,1,1,2,2,1,2,2,2,2,1,2,2,1,0,0,0,0,2,0,1,0,2,1,1,2,2,2,2,2,0,1,1,2,0,1,1,2,1,1,1,1,1,1,2,0,2,1,1,2,1,2,2,2,1,2,2,1,2,2,2,2,1,2,1,2,2,0,2,1,2,2,1,0,2,1
108320,0,1,1,2,2,2,1,1,2,2,0,0,0,2,2,2,0,2,2,1,1,0,2,0,2,2,2,0,2,1,2,0,2,1,1,2,2,0,2,0,1,1,2,1,1,2,2,2,2,2,2,2,0,1,1,2,2,0,2,1,0,2,1,0,0,0,0,2,1,2,0,2,1,1,2,0,1,2,2,2,2,1,2,2,0,0,2,1,1,1,1,0,1,1,2,1,2,0,1,2,1,0,0,2,1,2,2,2,0,2,0,2,1,2,1,0,1,1,1,0,2,1,1,2,1
237690,0,0,2,2,2,0,1,1,1,2,0,2,1,2,1,2,2,2,1,0,1,1,2,1,2,0,2,1,1,0,0,0,2,1,2,1,2,2,1,0,2,1,0,0,2,1,2,0,0,1,1,2,2,1,0,0,2,2,2,0,2,2,1,0,0,0,0,2,0,1,0,0,2,0,2,2,1,2,2,2,1,1,2,2,2,0,0,0,1,2,1,2,0,1,0,2,0,1,0,2,0,2,0,1,2,2,2,1,1,2,0,1,2,1,2,0,0,2,1,2,0,1,0,2,1
7390,0,2,1,2,2,2,1,1,0,0,0,2,1,1,2,2,2,2,1,1,1,2,2,1,2,2,2,1,1,1,0,0,2,2,2,1,2,2,0,0,1,1,1,2,2,2,2,2,2,1,1,1,1,0,1,2,1,2,2,2,2,2,1,0,0,0,0,2,0,2,0,1,1,2,2,2,0,2,2,2,0,1,2,2,0,0,2,1,1,2,1,2,0,2,2,2,1,1,1,2,1,1,0,2,1,2,2,2,0,2,0,1,2,2,1,0,0,2,1,2,2,1,1,2,1
98460,0,2,0,2,2,2,0,1,1,1,2,2,1,0,2,2,2,2,1,1,1,2,0,2,2,1,2,1,0,1,2,0,2,2,0,0,0,2,1,2,0,1,1,2,1,0,0,2,2,2,1,2,2,1,1,2,2,2,2,0,0,2,1,0,0,0,0,1,2,1,0,2,1,1,1,1,1,1,2,2,1,1,2,2,2,1,2,1,1,1,1,2,1,2,2,1,2,1,0,2,0,0,0,2,1,0,2,2,0,2,0,2,1,2,1,1,1,2,1,2,1,1,1,1,2
48260,0,0,0,0,0,0,0,0,0,0,0,0,0,0,0,0,0,0,0,0,0,0,0,1,0,0,0,0,0,0,0,0,0,0,0,0,0,0,0,0,0,0,0,0,0,0,0,0,0,0,0,0,0,0,0,0,0,0,0,0,0,0,0,0,0,0,0,0,0,0,0,0,0,0,0,0,0,0,0,0,0,0,0,0,0,0,0,0,0,0,0,0,0,0,0,0,0,0,0,0,0,0,0,0,0,0,0,0,0,0,0,0,0,0,0,0,0,0,0,0,0,0,0,0,0
178920,0,2,2,2,2,2,1,1,0,1,2,0,2,1,0,2,2,2,1,2,1,1,2,0,2,1,2,0,2,1,2,0,2,0,1,2,2,0,1,1,1,0,0,1,1,1,0,2,2,2,2,1,2,1,1,0,0,2,2,1,2,2,1,0,0,0,0,2,1,1,0,2,1,1,2,2,1,0,2,2,1,1,0,2,1,0,2,1,2,1,1,2,2,1,2,2,0,1,1,2,0,1,0,1,2,1,1,2,1,0,2,2,1,0,0,2,0,1,2,2,0,2,1,1,2
34230,0,0,0,2,1,1,1,1,2,1,2,2,0,2,2,2,2,2,1,0,1,0,0,2,1,1,2,1,1,1,1,0,2,2,0,2,0,0,1,0,1,2,1,0,1,2,2,1,2,1,0,2,0,0,0,0,2,2,2,1,0,2,1,0,0,0,0,2,2,2,0,2,1,1,2,2,0,2,2,2,1,1,1,2,0,1,0,2,2,1,1,0,0,1,2,2,1,1,2,2,1,0,0,0,0,2,2,2,2,0,0,0,1,2,1,1,0,0,1,0,0,2,1,2,1
5290,0,1,2,2,1,2,1,1,1,1,2,2,0,2,2,1,1,2,1,1,1,2,2,2,2,0,2,1,2,0,2,0,2,1,2,0,2,2,1,2,0,1,0,0,1,0,0,2,0,2,2,1,2,1,2,2,0,2,2,0,1,0,1,0,0,0,0,2,2,1,0,2,1,1,0,2,1,0,2,2,2,1,2,2,1,0,2,1,1,1,1,2,1,1,1,1,1,2,1,2,1,1,0,2,1,0,1,2,1,1,2,2,1,2,1,2,0,0,1,2,1,0,2,2,1
25900,0,2,1,2,2,0,1,0,0,2,0,2,2,1,2,2,0,2,2,1,1,0,2,2,2,2,2,1,1,2,2,0,2,1,2,1,0,2,1,1,1,1,2,2,1,1,1,1,2,2,2,1,1,0,1,2,2,2,2,1,0,0,1,0,0,0,0,1,1,1,0,2,2,1,2,1,2,1,1,2,2,1,2,2,1,2,2,2,1,1,1,2,2,2,2,2,1,1,0,2,1,0,0,1,2,2,2,0,1,2,1,2,2,1,1,1,2,2,0,1,1,1,2,2,2
67160,0,1,2,2,2,2,1,1,1,0,2,2,2,1,2,2,2,2,1,1,1,1,2,1,2,1,1,0,0,2,2,0,1,1,2,2,1,1,1,2,1,1,0,1,1,1,1,2,0,1,2,1,1,2,2,2,2,2,2,2,0,0,2,0,0,0,0,2,2,2,0,2,0,2,1,2,1,2,2,1,0,1,1,2,1,1,2,2,1,1,1,2,2,1,1,2,0,1,2,0,1,2,2,0,0,2,1,1,0,2,0,2,1,2,2,1,2,2,1,2,1,1,1,2,2
78340,0,2,2,2,2,1,1,1,1,2,2,2,2,1,0,2,2,2,1,2,1,0,2,2,2,1,2,1,0,1,2,0,2,2,0,2,0,2,1,2,0,1,0,2,0,0,2,2,1,0,1,1,2,1,1,2,1,2,2,2,0,2,1,0,0,0,0,2,2,1,0,2,1,0,2,2,1,2,2,1,0,1,2,2,1,0,2,1,0,1,1,2,1,1,1,2,1,0,1,2,1,1,0,1,2,1,2,2,2,1,1,2,1,2,0,1,2,2,1,2,2,1,1,1,2
30190,0,2,2,2,2,1,1,0,0,2,1,2,0,0,0,1,2,2,1,2,2,1,2,1,0,1,2,1,0,2,1,0,2,2,0,2,0,0,0,2,1,1,0,2,1,1,2,0,2,0,1,0,1,1,2,1,0,1,2,2,2,2,0,0,0,0,0,2,0,2,0,1,1,2,0,2,0,1,2,2,2,0,0,2,2,2,2,2,2,0,0,0,2,2,2,2,2,1,1,1,0,0,0,1,1,2,1,0,2,1,1,2,1,0,1,0,0,0,2,1,2,1,1,1,1
56190,0,2,1,2,2,1,1,2,1,2,0,2,0,0,2,1,1,2,1,1,0,1,1,1,2,1,1,1,0,0,2,0,2,2,1,0,2,0,0,2,1,0,0,2,1,0,2,0,2,0,0,0,0,0,1,2,0,0,2,0,2,2,1,0,0,0,0,2,0,0,0,2,1,2,0,0,0,2,2,0,0,1,2,2,2,0,2,0,1,1,1,2,0,1,2,2,0,1,1,2,1,0,2,2,1,2,2,0,1,2,0,2,0,2,1,1,1,1,0,1,2,0,0,2,1
268600,0,0,0,0,0,0,0,0,0,0,0,0,0,0,0,0,0,0,0,0,0,0,0,0,0,0,0,0,0,0,0,0,0,0,0,0,0,0,0,0,0,0,0,0,0,0,0,0,0,0,0,0,0,0,0,0,0,0,0,0,0,0,0,0,0,0,0,0,0,0,0,0,0,0,0,0,0,0,0,0,0,0,0,0,0,0,0,0,0,0,0,0,0,0,0,0,0,0,0,0,0,0,0,0,0,0,0,0,0,0,0,0,0,0,0,0,0,0,0,0,0,0,0,0,0
41510,0,1,2,2,2,1,1,1,2,2,2,0,1,1,2,2,1,2,1,1,1,1,1,2,1,1,2,2,1,0,0,0,2,0,2,1,0,1,0,1,1,0,2,0,2,1,2,1,2,1,1,1,0,1,2,2,0,0,2,1,1,0,2,0,0,0,0,2,1,1,0,2,1,1,2,2,2,1,2,2,2,0,2,2,2,0,2,1,1,2,1,2,2,2,0,2,0,1,2,2,0,1,0,1,2,2,2,2,0,2,2,2,1,2,1,2,2,1,2,1,1,1,2,1,2
85660,0,2,2,2,2,2,1,1,1,2,0,2,1,0,1,2,2,2,1,1,2,1,2,1,2,0,2,1,1,2,1,0,0,1,2,0,1,2,1,0,2,1,0,1,2,0,1,1,1,1,1,2,1,0,2,2,2,2,2,2,2,1,2,0,0,0,0,2,0,1,0,2,1,1,2,2,2,2,2,2,1,1,2,2,1,0,0,2,1,0,1,2,1,2,2,2,1,2,2,0,1,1,0,1,2,2,1,1,2,2,2,0,0,0,1,0,1,2,1,1,1,1,1,2,1
35900,0,1,0,2,2,2,1,1,2,2,2,1,1,1,2,2,1,2,1,0,1,2,2,2,1,0,1,2,2,1,2,0,2,1,2,2,2,1,1,0,1,1,0,2,2,1,0,2,0,1,2,1,0,1,2,2,1,2,2,1,1,2,0,0,0,0,0,2,1,2,0,2,1,1,2,2,2,2,2,2,1,1,0,2,1,0,2,1,1,2,1,2,2,1,2,2,1,1,0,2,1,1,0,1,2,2,2,2,1,2,2,2,1,2,1,1,2,0,2,1,1,1,0,2,2
214150,0,1,1,2,0,2,1,1,2,2,0,0,0,1,2,2,2,2,1,0,1,2,1,2,1,1,2,1,1,2,1,0,1,0,2,1,2,2,1,2,2,0,1,1,2,0,0,1,2,1,1,0,2,0,2,2,0,0,2,1,1,1,1,0,0,0,0,2,2,2,0,2,1,1,2,1,1,2,0,2,1,1,2,2,1,1,0,0,1,2,2,1,1,1,1,2,1,1,2,0,2,0,1,0,1,2,1,1,1,0,2,0,1,2,1,1,2,0,1,2,0,2,1,2,2
200130,0,0,2,2,2,2,1,1,2,0,0,2,2,1,1,2,2,2,1,0,2,1,2,1,1,0,2,1,1,2,1,0,2,2,1,0,2,2,0,1,0,1,0,2,0,2,2,2,2,1,2,0,2,0,1,1,2,2,2,2,0,2,1,0,0,0,0,2,0,0,0,2,1,1,2,0,1,2,0,2,1,1,1,2,0,1,1,0,0,0,1,2,1,2,2,2,1,1,0,2,1,2,0,2,2,0,2,2,0,2,1,1,1,1,2,0,2,1,1,2,1,1,1,2,1
39030,0,1,2,2,2,2,1,0,1,1,1,1,2,1,2,0,0,2,1,1,2,2,2,1,2,2,2,0,2,1,2,0,1,1,1,1,2,2,1,2,0,1,1,0,1,2,2,0,2,2,2,1,2,0,0,2,2,2,2,1,0,0,1,0,0,0,0,2,2,1,0,2,1,1,1,2,1,2,2,1,2,1,1,2,2,2,2,1,1,0,1,2,0,2,1,2,0,1,2,2,1,0,1,2,0,2,1,2,2,2,2,2,1,2,1,1,0,1,1,0,1,2,1,1,2
213420,0,1,2,2,2,2,1,1,0,2,0,0,0,1,2,2,2,2,1,2,2,1,2,0,2,1,2,0,0,1,1,0,0,1,0,2,2,1,2,2,1,2,2,1,1,2,1,2,0,2,2,1,0,1,0,0,2,0,2,1,0,2,0,0,0,0,0,2,0,1,0,2,1,1,2,2,1,2,2,1,1,0,1,0,2,2,2,1,1,2,1,1,1,2,1,1,2,1,1,2,1,2,0,2,0,1,2,1,2,2,2,2,1,2,1,1,0,0,1,2,2,2,2,1,2
141080,0,2,0,2,2,2,1,0,1,2,2,2,1,1,1,2,2,2,1,2,1,0,2,1,2,1,2,1,1,2,2,0,0,2,2,0,2,2,0,1,2,1,1,0,2,1,0,0,1,1,1,1,0,2,2,1,2,2,2,0,2,0,1,0,0,0,0,2,2,1,0,0,1,1,2,2,1,2,1,1,1,1,2,1,0,1,1,1,1,1,1,1,0,2,2,2,1,1,2,2,1,1,2,0,2,2,1,2,1,1,1,2,2,1,1,2,2,1,1,2,1,0,1,1,1
60250,0,0,2,2,0,0,1,1,2,0,0,2,1,0,0,2,2,2,1,2,1,1,2,0,1,1,2,1,2,0,2,0,2,2,2,1,2,0,0,2,1,1,1,2,0,2,2,2,2,0,0,0,0,1,1,2,0,2,2,2,1,2,1,0,0,0,0,2,1,0,0,1,0,1,2,2,1,1,2,2,1,1,0,2,1,0,2,1,0,1,1,2,1,0,2,2,2,1,0,2,1,0,0,0,1,1,2,1,1,1,2,1,1,2,1,2,2,2,2,2,2,1,1,2,1
86900,0,0,1,1,2,2,1,1,0,1,2,2,1,1,2,2,2,2,1,0,1,0,2,1,0,1,2,1,1,1,1,0,2,0,2,1,0,0,1,0,1,1,1,0,1,2,1,1,2,1,1,1,2,1,2,2,2,2,2,2,2,2,1,0,0,0,0,2,0,1,0,2,0,1,2,2,0,2,2,0,0,1,2,2,1,0,2,0,1,2,1,2,1,1,2,2,1,0,0,0,1,1,0,1,0,0,1,0,2,1,2,0,0,2,1,0,1,0,1,2,1,1,0,1,1
206650,0,2,2,2,2,2,0,2,1,0,1,2,1,2,1,1,2,2,1,2,1,1,2,1,0,1,2,1,1,1,2,0,2,1,0,1,0,1,1,2,2,1,1,0,0,1,1,0,1,1,0,1,1,2,2,1,1,1,2,2,1,2,1,0,0,0,0,2,2,1,0,2,1,2,2,2,2,1,2,1,1,1,2,2,2,1,2,1,1,0,1,1,2,1,2,2,2,0,2,0,2,1,2,1,2,2,0,2,0,2,1,1,2,1,1,1,2,1,1,0,0,1,2,2,0
235980,0,2,2,1,2,1,1,0,0,0,2,2,1,2,1,2,2,2,1,1,1,1,2,1,2,0,2,1,1,1,2,0,2,2,2,0,2,2,1,2,2,1,1,2,2,1,2,0,2,1,1,1,2,1,1,2,2,2,2,2,0,2,2,0,0,0,0,0,1,1,0,0,2,0,2,2,0,2,2,2,1,1,2,2,0,0,2,1,1,1,1,2,0,2,1,2,1,1,2,0,1,2,2,1,1,1,2,1,0,2,2,2,2,1,2,1,1,2,0,1,2,1,2,2,1
323990,0,0,2,2,0,2,1,1,0,1,1,2,1,0,1,2,2,2,1,1,2,1,2,1,2,2,2,1,2,1,2,0,0,0,2,0,1,2,1,0,1,1,1,1,1,0,2,1,1,2,1,2,2,2,2,2,1,2,2,0,2,2,1,0,0,0,0,2,2,1,0,2,1,1,2,2,2,2,0,0,0,1,2,2,1,2,1,2,1,2,1,2,2,2,1,2,1,1,2,2,1,2,2,1,2,2,1,2,1,2,2,0,1,0,1,0,0,2,1,1,0,1,1,1,2
22100,0,1,1,2,1,2,1,1,1,1,1,1,2,1,1,1,1,1,2,1,1,1,2,1,2,2,1,2,2,2,1,0,2,1,2,1,1,1,1,1,1,0,1,1,2,1,0,1,0,1,1,2,2,1,1,0,2,0,2,2,2,1,1,0,0,0,0,2,2,1,0,2,1,1,1,0,2,1,2,2,2,2,2,2,1,1,2,2,1,0,1,2,2,0,1,0,1,2,2,1,0,2,0,1,1,2,1,1,2,2,0,2,2,2,1,2,1,1,1,0,0,0,0,1,1
140410,0,1,1,2,1,2,2,2,1,2,0,1,1,2,1,2,2,2,1,1,1,2,2,1,2,2,1,1,2,0,2,0,0,1,2,1,1,2,1,2,2,1,1,1,1,1,1,1,2,1,2,2,2,2,1,2,2,2,2,2,2,2,1,0,0,0,0,2,0,2,0,2,0,1,2,2,1,2,2,0,1,1,2,1,1,2,2,1,1,2,1,2,2,0,2,2,1,1,2,2,1,2,0,1,1,2,0,2,1,2,2,2,2,2,1,2,1,2,1,0,1,2,1,0,1
36540,0,2,2,2,2,0,1,1,1,1,1,1,2,1,2,2,2,2,1,1,1,2,2,2,2,2,2,1,2,0,2,0,2,0,0,0,2,0,1,2,0,1,1,0,1,1,0,1,1,2,2,2,2,1,2,2,2,2,2,0,0,2,1,0,0,0,0,2,2,1,0,0,1,1,2,2,1,2,2,2,2,1,0,2,2,1,2,1,1,0,1,0,0,2,1,2,2,0,1,2,1,1,2,2,2,1,1,2,1,2,2,2,1,2,1,1,1,0,2,2,1,1,1,2,2
250,0,1,2,2,2,2,1,1,0,1,1,1,1,0,1,2,2,2,1,1,2,1,2,1,2,2,2,1,0,2,1,0,2,2,2,2,2,2,1,1,1,1,1,1,1,1,0,1,2,1,2,2,2,1,1,1,0,2,2,2,0,2,0,0,0,0,0,2,1,1,0,2,0,1,1,2,2,2,2,2,0,1,2,2,0,2,2,1,1,2,1,2,1,2,2,2,1,1,2,2,1,1,2,1,2,2,1,1,2,1,2,2,2,2,0,2,1,2,1,2,0,1,1,1,2
48410,0,2,2,2,2,0,1,1,1,2,0,2,1,1,1,2,2,2,1,0,1,2,2,1,2,2,0,1,1,1,2,0,1,2,1,2,0,2,0,1,1,1,1,2,2,2,0,0,0,1,1,1,0,0,1,2,0,2,2,1,2,0,1,0,0,0,0,2,2,1,0,0,1,1,2,1,0,2,1,1,1,1,1,0,1,1,2,1,2,2,1,2,2,0,1,1,2,2,0,0,2,2,2,2,0,1,2,2,1,1,2,1,2,2,2,2,1,2,1,1,2,1,0,2,1
86450,0,2,2,2,0,2,1,1,1,2,1,2,1,1,0,0,2,2,1,0,0,1,0,1,2,1,0,1,1,2,1,0,2,0,0,0,2,0,2,1,0,1,0,0,1,2,2,2,1,1,1,1,0,1,0,2,2,1,2,1,0,0,2,0,0,0,0,2,1,1,0,1,0,2,0,0,0,2,2,2,1,1,0,2,1,0,0,1,2,2,1,2,0,2,2,2,2,0,0,2,1,2,2,1,2,0,0,2,0,1,0,2,2,0,0,1,1,1,2,1,2,2,1,0,1
84850,0,1,2,2,2,2,1,0,1,2,0,0,2,1,0,2,2,2,1,0,1,2,1,0,0,1,0,1,2,1,0,0,1,0,2,1,2,2,0,0,1,1,2,0,1,0,2,0,2,1,2,1,0,0,0,2,2,0,2,1,2,1,0,0,0,0,0,0,0,1,0,0,0,0,0,2,1,0,2,1,0,1,2,2,1,2,2,2,1,1,1,2,0,1,2,2,1,1,0,2,1,2,2,0,2,2,2,1,2,2,0,0,1,0,1,2,1,1,1,2,2,1,0,2,1
46890,0,1,2,2,0,2,1,0,0,0,0,0,2,0,2,2,2,2,1,0,1,0,2,1,2,2,0,0,1,2,2,0,2,1,1,0,2,1,2,2,1,1,1,2,1,0,0,2,0,2,2,2,2,1,1,2,2,0,2,0,1,2,1,0,0,0,0,2,1,1,0,0,1,1,0,2,1,0,2,0,0,1,0,2,2,1,2,0,1,1,1,2,0,0,2,2,0,0,0,2,1,0,2,0,0,1,0,2,0,0,0,0,1,0,1,0,1,2,1,0,2,1,0,2,0
84370,0,0,2,2,2,2,1,1,0,0,1,2,2,1,2,0,1,2,1,1,0,2,2,2,0,0,2,2,2,0,0,0,1,1,1,1,2,0,1,2,0,1,1,1,1,2,2,2,1,2,0,1,1,1,1,0,2,2,2,1,1,0,2,0,0,0,0,1,1,0,0,0,1,1,0,2,1,2,2,1,2,1,1,2,2,1,2,1,1,0,1,1,2,0,0,2,2,1,2,1,2,2,1,2,0,0,1,0,1,1,2,2,1,0,0,0,0,1,1,2,2,2,0,2,1
950130,0,1,2,2,2,2,1,0,1,2,0,0,1,0,1,2,2,2,1,2,1,0,0,1,1,2,2,1,1,2,2,0,2,2,2,1,0,2,1,1,0,1,2,2,2,1,1,1,2,1,0,1,1,1,2,2,1,2,1,1,2,0,1,0,0,0,0,1,2,2,0,2,2,2,2,2,2,2,2,2,0,1,1,2,2,1,2,1,1,0,1,0,1,2,1,2,0,1,0,2,1,0,2,0,2,2,1,2,2,1,2,1,2,2,2,2,2,2,1,1,2,0,2,2,2
69080,0,2,2,0,2,1,1,0,1,2,1,2,2,1,1,1,2,2,1,2,1,1,2,1,2,0,2,1,1,1,0,0,2,2,2,1,0,2,0,2,2,1,0,2,1,1,1,2,2,0,1,2,0,0,0,0,2,2,2,2,0,2,1,0,0,0,0,2,2,1,0,2,1,1,2,2,1,2,2,2,1,1,1,2,1,0,1,2,0,1,1,2,1,1,2,2,0,1,1,2,1,0,2,1,2,1,0,2,1,0,2,0,0,0,0,2,1,1,1,1,2,1,1,1,2
299660,0,2,2,2,2,1,0,2,1,2,2,1,1,2,1,2,0,2,1,1,1,1,2,1,2,2,2,1,1,2,2,0,2,2,0,1,1,2,2,2,2,1,2,2,2,1,0,2,2,1,1,0,2,2,1,2,0,1,2,2,2,1,1,0,0,0,0,2,2,2,0,2,1,2,0,2,1,2,2,2,2,2,1,2,2,2,2,1,1,2,0,2,2,2,2,2,1,1,1,2,1,1,2,2,2,1,2,1,0,0,2,2,1,0,0,1,0,0,1,1,0,0,2,0,2
39200,0,2,2,2,2,2,1,1,0,2,0,2,1,1,1,1,2,1,1,1,1,1,2,2,0,2,1,0,2,2,2,0,0,2,1,1,2,2,1,2,2,1,1,2,2,1,2,1,2,1,1,2,2,0,1,2,1,2,2,2,1,0,1,0,0,0,0,1,2,1,0,2,1,2,2,2,2,2,1,1,0,2,2,2,0,0,2,0,1,2,1,2,1,2,2,2,1,1,0,2,0,2,2,1,2,0,1,0,0,0,2,1,1,2,1,0,0,2,1,0,1,1,1,1,1
166090,0,0,2,2,2,2,1,1,2,1,1,1,2,2,2,0,0,2,1,1,2,0,2,2,2,1,2,0,2,2,0,0,2,1,1,2,2,1,0,2,1,1,1,1,1,2,2,2,1,1,2,0,1,1,2,2,1,2,2,1,1,2,0,0,0,0,0,2,1,1,0,2,1,1,2,0,1,2,2,0,0,1,2,2,2,0,2,1,1,2,1,2,1,2,1,2,2,0,2,0,2,2,2,2,1,1,0,2,2,2,2,1,1,1,2,0,2,1,1,2,1,2,1,2,2
144510,0,2,2,2,2,2,1,1,1,2,0,0,1,1,1,2,2,2,1,0,1,1,2,1,2,2,2,1,1,2,2,0,2,0,2,1,0,2,1,0,2,1,0,2,2,2,0,0,2,0,1,1,2,0,1,2,2,2,2,0,0,2,2,0,0,0,0,2,0,1,0,2,1,0,2,2,0,2,2,2,1,1,2,2,1,2,2,1,1,2,1,2,1,2,2,0,1,1,0,1,1,0,2,1,2,2,2,2,1,0,2,1,1,0,1,2,0,2,1,1,1,1,1,2,1
122870,0,1,1,2,0,2,1,2,0,2,1,0,0,1,2,1,1,2,1,1,2,2,2,1,1,1,1,0,2,1,0,0,2,2,2,1,2,1,1,0,1,1,1,0,2,2,0,2,2,1,1,1,2,1,2,2,1,2,2,2,2,2,2,0,0,0,0,2,1,0,0,2,1,1,2,2,2,2,2,2,1,1,2,2,1,1,1,1,1,0,1,2,2,2,1,2,2,1,2,2,1,0,1,1,0,2,2,2,2,2,2,2,1,2,1,2,2,2,2,1,1,1,2,2,2
218410,0,2,0,2,2,0,1,1,0,0,0,0,2,2,2,2,2,2,1,2,2,1,2,0,0,0,2,1,0,0,2,0,2,1,0,2,2,1,0,2,1,1,0,2,1,2,2,2,2,1,2,2,1,1,1,2,1,2,2,2,2,2,0,0,0,0,0,2,1,0,0,1,1,1,0,0,0,2,2,2,2,1,0,2,0,0,2,0,1,1,1,2,1,2,2,1,1,1,0,0,1,2,0,1,2,2,2,2,2,2,2,2,1,2,1,1,0,1,1,0,2,1,1,2,1
67630,0,2,0,2,2,2,1,2,1,2,0,2,1,1,0,2,2,2,1,2,1,1,2,1,2,2,2,1,1,2,2,0,1,2,2,1,2,2,1,0,0,1,1,2,2,0,0,1,2,1,1,1,2,1,1,1,1,2,2,0,2,0,1,0,0,0,0,1,1,0,0,0,0,1,1,0,0,2,2,1,1,1,2,2,1,2,2,1,1,2,1,2,2,2,2,2,1,1,0,2,1,0,0,1,1,1,1,2,2,2,1,1,0,2,1,1,1,0,1,1,2,1,1,1,0
112040,0,2,2,2,2,2,1,1,0,2,2,2,2,1,2,2,2,2,1,2,1,0,1,1,0,2,1,2,2,1,1,0,2,2,0,2,1,2,1,2,1,1,2,2,2,0,2,2,0,2,2,1,2,0,1,1,2,2,1,2,1,2,2,0,0,0,0,2,2,1,0,2,1,1,2,2,1,2,2,0,0,1,1,2,1,1,1,0,1,1,1,2,1,1,1,1,1,2,1,2,0,2,2,1,2,2,1,1,1,1,1,2,1,0,1,2,1,2,1,2,2,1,1,1,2
215200,0,2,2,2,2,1,1,2,1,0,2,2,0,1,2,2,2,2,1,1,2,1,2,0,1,0,0,0,1,2,1,0,2,2,1,1,2,0,0,0,1,1,1,0,2,0,1,1,2,2,0,1,0,0,2,2,2,1,2,0,2,2,1,0,0,0,0,0,1,0,0,1,1,1,0,1,0,1,2,1,0,1,2,0,1,2,0,0,2,1,2,0,2,2,2,2,1,1,0,2,1,0,1,0,1,2,2,2,2,1,1,1,1,1,0,0,1,2,0,2,2,0,1,2,1
84990,0,2,2,2,2,2,1,1,0,0,0,2,0,1,1,2,2,2,1,1,1,1,2,1,2,2,2,1,1,0,2,0,2,2,2,2,2,2,0,0,2,1,2,0,2,0,0,2,2,1,1,1,2,2,2,1,2,2,2,0,2,2,1,0,0,0,0,2,1,0,0,2,1,2,2,1,0,2,2,1,1,1,2,2,1,0,2,1,1,1,1,2,1,0,2,2,1,1,0,2,1,0,1,1,2,1,1,2,0,1,2,1,2,1,2,2,1,2,2,0,2,1,2,1,2
298380,0,2,1,2,2,1,1,0,1,0,2,2,1,1,1,2,2,2,1,0,0,1,2,1,2,0,2,1,1,1,2,0,2,2,2,1,1,2,0,0,2,1,1,2,2,1,2,1,0,1,1,1,2,0,2,1,0,2,2,2,2,2,1,0,0,0,0,0,1,1,0,1,0,1,2,2,2,2,2,2,0,1,2,2,1,0,2,1,1,0,1,1,1,2,1,2,2,1,2,0,1,1,1,1,2,2,1,0,1,1,1,1,0,0,1,2,2,0,1,2,1,1,2,1,1
151910,0,1,0,2,2,2,2,1,1,2,2,2,1,2,2,2,2,2,1,1,1,2,2,0,0,1,2,1,1,1,2,0,1,2,2,1,2,2,0,1,0,1,2,0,2,2,2,2,0,2,1,1,2,1,1,2,2,0,2,0,2,0,1,0,0,0,0,1,2,1,0,2,0,1,1,1,1,2,0,1,2,1,0,2,0,0,2,1,0,1,2,2,2,0,1,0,0,1,0,1,2,2,0,2,2,2,2,2,2,2,0,2,1,2,2,2,2,2,1,2,2,2,0,0,2
194480,0,2,2,2,2,2,1,2,1,2,2,2,2,0,0,2,1,2,1,1,1,0,2,2,2,1,2,1,1,0,2,0,2,1,2,2,1,2,1,1,2,2,1,1,1,2,0,2,1,1,2,2,1,2,1,1,2,2,2,1,2,1,1,0,0,0,0,2,2,1,0,2,1,1,2,1,1,2,0,1,2,2,1,1,1,1,1,1,1,0,0,2,1,1,2,2,2,2,1,2,0,2,0,1,1,0,1,0,0,2,0,2,1,0,1,1,0,2,2,2,1,1,1,0,2
25980,0,0,1,2,2,2,1,2,1,2,2,2,2,1,2,2,2,2,1,2,0,2,2,0,2,1,1,0,1,1,1,0,2,2,2,1,2,1,2,2,1,1,0,0,0,2,2,1,0,0,2,2,2,0,1,0,2,2,2,0,0,2,1,0,0,0,0,2,2,0,0,2,1,1,2,0,1,2,0,2,0,1,2,2,1,0,2,0,1,1,1,2,1,0,2,2,2,1,1,2,1,2,2,1,1,1,2,2,2,2,0,0,1,2,1,0,0,2,1,0,1,1,2,2,2
64550,0,2,2,2,0,2,1,0,0,2,2,0,1,0,1,2,2,2,1,1,1,2,2,1,1,2,2,1,2,2,2,0,2,2,2,1,0,2,1,0,1,1,1,2,2,2,0,1,2,1,2,2,2,0,2,2,2,2,2,0,2,2,1,0,0,0,0,2,2,1,0,2,1,1,2,1,0,2,2,2,1,1,2,2,1,2,2,2,1,2,1,2,0,2,2,2,1,1,2,2,1,2,2,1,2,2,0,0,0,0,2,0,1,1,1,2,2,2,1,2,1,1,2,2,1
3380,0,2,2,2,0,2,1,0,0,0,2,2,0,1,0,2,2,2,1,1,1,0,2,0,0,0,2,1,1,0,2,0,2,0,1,1,0,2,0,1,0,1,2,2,2,1,2,0,2,1,0,0,0,0,1,2,2,1,2,2,2,1,1,0,0,0,0,2,2,0,0,2,1,1,2,2,2,1,2,2,0,1,1,2,0,0,2,1,0,1,1,0,1,1,2,0,2,1,0,2,1,1,1,2,1,0,2,2,1,0,2,2,1,0,1,2,0,2,2,0,2,1,1,2,2
215000,0,2,2,2,2,0,1,2,0,2,0,2,2,1,2,2,2,2,1,1,2,1,2,2,1,2,2,1,1,2,2,0,2,2,2,0,2,0,0,2,0,1,2,2,1,2,2,0,0,2,1,2,0,0,1,0,2,1,2,1,2,2,1,0,0,0,0,2,2,1,0,1,1,0,2,1,0,0,0,2,0,1,1,2,1,2,1,1,0,1,1,2,1,1,2,0,0,1,1,2,1,1,0,2,2,2,0,0,2,2,0,2,0,0,0,0,1,0,1,0,1,1,2,1,1
33640,0,1,2,2,2,2,1,1,1,1,1,1,2,0,2,2,2,2,1,1,1,2,2,1,2,2,2,2,2,0,2,0,1,2,2,2,0,2,1,2,0,1,1,1,1,1,0,2,0,0,2,2,1,0,0,2,2,2,2,1,2,2,0,0,0,0,0,2,1,1,0,2,1,0,2,2,1,2,2,1,2,1,2,2,0,0,2,1,1,2,1,2,0,2,0,2,1,0,1,1,2,2,2,2,0,1,0,1,2,2,2,2,1,1,1,1,1,2,2,2,0,1,0,1,2
78600,0,2,1,2,2,2,1,2,2,0,1,1,2,1,0,1,0,2,2,1,1,2,2,0,2,2,0,1,2,0,1,0,2,1,2,1,1,2,1,1,0,0,1,1,2,2,1,2,2,1,0,1,2,1,1,1,2,0,2,0,2,2,0,0,0,0,0,2,1,1,0,2,1,1,2,2,1,0,2,2,1,1,2,2,1,1,2,2,1,1,1,2,0,2,2,1,1,1,0,0,0,1,2,1,1,2,1,1,1,2,1,2,1,1,0,2,0,2,1,1,1,0,2,2,2
217270,0,2,2,2,1,2,0,1,1,1,1,2,1,1,2,2,2,2,1,1,0,1,2,1,1,2,2,0,1,1,0,0,2,1,2,1,1,2,1,1,1,2,1,2,1,1,2,2,2,1,1,2,2,2,1,2,2,2,2,1,2,2,1,0,0,0,0,2,2,0,0,2,1,2,2,2,2,2,2,2,2,1,1,1,2,2,1,1,1,1,0,1,1,1,2,2,0,1,0,2,1,0,0,1,2,2,2,1,0,2,2,2,1,0,1,2,1,2,1,0,2,1,2,1,2
89980,0,2,2,2,2,0,1,0,1,1,2,0,2,1,2,0,2,2,1,2,1,2,2,0,2,2,2,1,0,1,2,0,2,0,0,1,2,2,0,2,1,1,0,1,0,0,2,2,2,1,0,0,2,1,1,2,2,2,2,0,0,2,1,0,0,0,0,2,1,1,0,2,1,1,2,2,1,2,2,2,0,1,2,2,0,1,2,1,1,1,1,2,0,2,2,2,1,1,1,2,1,1,2,2,1,2,2,2,0,2,2,2,0,2,1,1,1,2,1,1,1,0,0,1,2
214450,0,0,2,2,2,2,1,1,1,2,2,0,0,1,2,1,2,2,1,1,1,1,2,1,1,2,1,2,1,2,2,0,2,2,2,1,0,0,1,2,0,1,2,1,2,2,2,1,2,1,0,2,2,1,1,2,0,2,2,2,1,1,1,0,0,0,0,2,1,1,0,2,0,1,2,1,1,2,2,2,1,1,1,2,1,1,2,1,1,2,1,2,1,1,2,2,1,2,1,2,0,2,2,1,0,2,1,2,2,2,2,0,2,2,1,1,2,2,1,2,1,1,2,1,1
140860,0,1,2,2,2,2,1,0,1,1,0,0,0,0,2,0,1,2,1,0,1,2,2,0,2,2,1,1,2,2,2,0,2,1,2,2,0,0,1,2,0,1,1,1,1,2,2,2,0,2,1,0,2,1,2,2,1,2,2,2,1,1,2,0,0,0,0,1,0,0,0,2,2,0,1,1,2,2,2,2,2,1,2,2,0,0,2,1,1,1,1,1,1,1,1,2,1,2,2,1,0,1,1,2,0,2,2,2,1,1,2,2,0,0,1,1,0,1,1,0,2,1,0,2,1
230360,0,2,0,2,0,1,2,1,2,2,1,1,2,2,2,2,2,2,1,1,1,1,2,0,1,2,1,0,0,0,1,0,2,2,0,0,0,2,0,2,1,0,1,0,0,1,0,2,2,1,2,2,2,1,2,1,0,2,2,1,2,2,1,0,0,0,0,0,1,1,0,2,1,2,0,2,0,1,2,2,2,1,1,2,0,2,2,2,1,1,1,2,0,0,2,2,1,2,2,2,1,0,0,2,0,2,2,0,2,1,2,0,1,1,1,2,2,0,1,2,1,2,2,1,2
27360,0,2,2,2,2,1,1,0,1,1,1,2,2,1,2,2,2,2,1,0,0,1,1,2,1,1,2,0,1,0,2,0,1,0,2,1,2,2,1,2,1,1,0,2,0,0,2,0,2,0,1,0,0,1,0,2,0,2,2,2,2,2,1,0,0,0,0,2,1,1,0,1,1,0,0,1,0,2,2,1,1,1,1,0,0,2,2,1,1,0,1,2,1,1,2,2,1,0,1,2,1,0,1,0,0,1,2,2,0,0,1,0,1,2,1,0,1,1,2,0,0,1,1,2,2
222800,0,1,2,2,2,2,1,1,1,1,0,0,2,1,2,2,2,0,1,1,2,2,2,1,1,1,2,1,2,0,2,0,0,1,1,2,1,1,1,2,1,2,1,0,1,2,1,2,0,2,2,1,1,1,1,2,1,0,2,1,1,2,1,0,0,0,0,2,1,1,0,0,0,2,0,2,1,1,2,2,2,1,0,2,2,2,2,0,1,1,2,1,2,2,1,2,1,1,1,1,0,2,1,2,1,1,1,2,1,2,2,2,1,2,1,1,1,1,2,2,1,2,1,2,1
82270,0,2,2,2,2,1,1,2,0,2,2,0,1,2,1,2,2,2,0,1,1,2,2,1,2,2,0,1,1,0,2,0,1,0,1,1,2,0,2,1,1,1,0,2,1,1,0,2,2,1,2,0,0,2,2,2,2,0,2,1,2,0,1,0,0,0,0,1,0,1,0,1,0,0,0,0,2,2,2,1,1,1,0,1,1,0,0,1,0,1,1,2,2,1,2,0,0,2,0,0,1,1,2,0,0,2,2,2,2,0,2,1,2,2,0,0,2,2,0,2,1,1,2,2,2
131290,0,1,2,2,2,2,1,1,2,1,2,2,2,1,2,2,0,2,1,1,1,2,2,2,2,2,2,2,2,0,2,0,0,0,1,2,2,1,0,2,1,1,1,2,1,2,0,2,1,0,2,0,1,1,0,2,0,1,2,0,0,0,1,0,0,0,0,2,2,1,0,2,1,1,0,2,1,0,2,2,2,1,2,2,1,2,2,0,1,1,1,0,0,2,0,2,1,1,1,1,2,0,2,2,0,1,1,2,1,2,2,2,1,2,1,2,1,1,0,2,1,0,1,2,1
88800,0,1,1,0,2,1,1,0,1,1,2,2,2,2,1,2,2,2,1,1,1,1,2,1,2,1,2,1,1,1,2,0,2,0,2,2,2,0,0,2,1,1,2,2,1,2,2,0,2,2,2,2,1,1,1,2,1,1,0,1,1,2,1,0,0,0,0,0,2,2,0,2,1,1,0,1,2,2,2,1,2,1,1,2,2,1,2,1,1,2,1,2,2,2,2,2,1,0,1,1,0,0,2,0,2,2,2,2,0,2,2,2,1,2,2,1,1,1,2,1,1,1,2,1,2
74600,0,0,2,2,2,2,1,1,1,2,1,2,2,1,2,0,0,2,1,1,2,2,2,0,2,1,2,1,2,1,2,0,0,2,1,2,1,1,1,2,2,1,0,0,1,0,2,2,2,2,0,0,1,1,0,2,2,2,2,0,0,2,1,0,0,0,0,2,1,1,0,2,1,1,2,2,2,2,2,2,2,1,0,2,0,1,2,1,1,1,1,2,2,1,1,2,0,1,0,1,1,0,1,2,1,1,1,2,2,2,2,2,1,1,1,2,0,1,1,2,1,0,2,2,1
293780,0,2,2,2,2,2,1,2,1,2,0,1,1,2,1,1,2,2,1,1,1,1,2,1,2,2,2,1,1,0,2,0,1,2,2,2,1,2,2,2,2,1,1,0,2,2,0,1,2,1,1,2,2,0,2,2,2,2,2,2,1,2,1,0,0,0,0,2,2,1,0,2,1,1,2,2,1,0,2,2,2,1,2,2,1,1,2,1,1,0,1,2,1,2,2,2,1,1,2,0,1,2,2,1,2,2,1,2,0,2,2,1,2,0,0,2,2,2,1,0,2,0,2,1,1
185490,0,2,0,2,2,0,1,0,1,2,2,2,2,1,1,2,2,2,1,1,0,1,2,1,2,2,2,1,1,1,2,0,2,2,2,1,2,1,0,2,2,1,0,1,1,0,2,1,2,1,1,2,0,0,2,2,2,2,2,2,2,1,0,0,0,0,0,2,1,1,0,2,1,1,2,1,1,2,2,1,2,2,0,2,2,0,0,0,0,0,1,2,2,2,0,2,0,1,1,0,0,2,1,2,1,0,2,0,0,0,2,0,1,1,0,2,0,1,1,2,1,1,1,1,2
178320,0,1,1,2,2,2,0,0,0,2,0,2,1,2,2,0,2,2,1,1,2,0,2,2,2,2,2,1,2,1,2,0,2,1,2,2,1,1,1,2,2,1,1,2,0,0,2,2,2,0,0,1,1,0,0,2,1,2,2,1,2,2,1,0,0,0,0,2,1,1,0,2,1,1,1,0,1,0,2,2,1,1,2,2,2,1,2,0,1,1,1,2,2,2,1,0,2,1,1,2,2,1,0,2,1,2,1,1,0,0,2,2,1,2,2,1,0,0,2,2,1,2,2,2,2
36830,0,2,0,2,2,1,1,1,0,0,1,2,0,0,2,1,1,2,1,1,1,0,2,2,2,2,2,1,1,2,2,0,1,2,1,1,1,1,1,2,2,1,2,1,1,2,0,2,2,2,2,0,2,0,1,1,2,2,2,2,2,2,2,0,0,0,0,2,0,0,0,2,1,1,0,1,1,1,1,1,2,1,2,2,1,0,2,2,1,0,1,2,2,0,2,1,0,1,2,2,0,2,2,1,2,2,1,2,0,1,1,2,1,1,1,1,1,2,1,1,1,2,2,1,2
84110,0,2,2,2,2,2,1,0,1,0,2,0,2,1,1,2,2,2,1,1,1,0,1,1,1,0,1,0,1,1,1,0,0,2,0,1,1,1,2,2,2,0,1,0,2,2,0,1,2,1,1,0,2,0,1,1,2,2,2,1,2,2,0,0,0,0,0,2,2,1,0,2,0,1,2,2,1,2,0,2,2,1,1,2,0,1,2,2,1,0,1,0,1,2,0,2,1,1,1,2,1,0,0,1,0,2,2,2,0,0,1,0,1,1,0,0,2,1,0,2,1,1,1,2,1
151860,0,1,2,2,2,2,0,1,1,0,2,2,2,2,2,2,2,2,1,1,1,0,2,1,2,0,2,1,2,2,2,0,2,2,1,2,2,2,1,1,2,2,1,2,2,2,1,2,2,1,2,2,0,1,0,2,2,1,1,2,2,1,0,0,0,0,0,2,2,1,0,2,1,1,1,2,0,1,2,2,2,1,0,2,0,1,1,0,0,1,1,2,2,0,2,0,1,1,1,2,1,0,0,2,1,2,2,0,1,2,1,2,0,2,1,2,0,2,0,1,1,0,1,2,2
92040,0,0,0,2,2,2,0,1,0,0,1,2,1,1,1,2,2,2,1,1,0,1,2,1,2,0,2,1,1,1,2,0,2,2,0,1,1,2,1,1,2,1,1,2,2,2,2,2,2,1,1,2,2,2,2,2,2,2,2,1,1,0,0,0,0,0,0,0,2,0,0,0,1,1,2,2,0,2,2,1,1,1,0,0,0,0,0,1,1,0,1,1,0,0,2,2,0,1,1,0,1,1,0,1,2,2,1,2,2,2,1,2,1,1,1,1,1,1,2,2,0,1,2,2,1
131970,0,0,2,2,2,2,1,1,1,1,2,2,1,2,2,1,1,2,1,0,1,2,2,1,2,2,0,1,2,2,1,0,1,1,2,0,2,1,2,2,2,1,1,1,1,2,0,1,1,2,1,1,2,1,2,2,2,2,2,2,2,0,0,0,0,0,0,2,0,1,0,2,1,0,2,2,1,2,2,1,2,1,0,2,2,2,2,1,1,1,1,1,2,2,0,0,0,1,0,1,0,2,1,2,1,1,2,2,1,2,2,2,2,2,1,0,2,1,1,2,1,2,2,1,2
48530,0,0,2,2,2,0,1,1,1,0,2,2,1,0,1,2,2,2,1,2,1,0,0,1,2,1,2,1,1,2,2,0,1,1,1,2,1,1,2,1,1,2,2,1,2,2,1,2,2,1,2,2,2,2,1,2,2,2,2,1,2,1,2,0,0,0,0,2,0,1,0,2,1,0,2,2,1,2,2,2,0,1,1,2,2,1,1,0,1,1,1,2,2,2,2,2,1,1,2,1,2,1,2,1,2,1,2,2,2,0,1,1,0,2,2,2,0,2,2,1,1,1,2,2,2
39840,0,0,0,0,2,1,2,1,1,2,2,1,2,1,1,2,0,2,1,0,0,2,2,1,2,2,1,1,1,2,2,0,2,2,2,1,2,2,1,0,1,1,0,1,1,1,2,2,2,2,1,2,2,2,1,2,2,1,2,1,2,1,1,0,0,0,0,2,1,1,0,2,1,1,2,2,1,2,2,0,2,1,0,0,0,0,2,1,1,0,1,2,1,2,2,2,1,0,2,2,1,1,0,1,2,0,0,2,1,2,0,2,0,2,1,0,0,2,1,1,1,1,0,2,0
290650,0,1,0,0,1,2,0,1,0,2,2,0,1,1,1,1,2,2,1,1,2,0,2,1,2,2,1,1,0,1,0,0,2,2,2,2,2,2,1,2,2,1,0,1,2,1,1,1,2,1,0,2,2,1,2,0,0,1,2,2,2,2,1,0,0,0,0,2,2,1,0,2,1,0,2,2,2,2,2,2,1,1,2,2,1,0,2,1,1,1,1,2,1,1,0,2,1,1,0,2,1,2,1,2,2,0,0,2,2,2,2,2,1,2,1,0,2,2,1,2,0,2,2,2,1
41960,0,2,0,2,1,2,1,2,0,2,0,0,1,0,0,2,2,2,1,0,1,2,0,1,2,1,2,1,1,2,1,0,1,2,2,1,2,2,1,2,2,0,1,2,2,1,0,0,0,1,0,1,2,2,2,0,0,2,2,2,1,1,1,0,0,0,0,2,1,0,0,1,0,0,2,0,2,2,2,1,1,2,2,1,1,2,0,0,1,0,1,2,1,1,1,2,1,2,2,0,2,2,2,2,1,2,2,2,2,2,1,2,0,0,1,2,2,2,0,2,1,2,1,2,1
65660,0,2,0,2,1,1,2,1,2,1,1,0,1,2,1,2,2,2,1,1,0,1,2,1,2,0,2,1,1,2,2,0,2,2,1,2,0,1,1,0,2,1,1,1,1,0,2,1,0,1,0,2,2,2,2,1,2,0,2,2,2,2,0,0,0,0,0,2,1,1,0,2,1,0,2,2,0,2,1,1,2,2,2,2,1,1,2,2,1,1,1,2,1,2,2,2,0,1,1,1,0,0,2,1,0,2,2,1,1,0,2,1,0,1,0,2,2,2,0,1,1,1,1,1,1
214370,0,1,0,1,2,2,0,1,1,2,0,1,1,1,1,2,2,0,1,2,2,2,2,0,2,2,0,1,0,0,0,0,0,0,0,0,0,0,0,2,2,1,2,1,2,1,2,1,2,1,0,2,2,1,1,2,2,2,2,0,2,0,1,0,0,0,0,2,0,1,0,2,1,0,2,2,1,2,2,2,1,1,2,2,1,2,2,2,1,2,1,2,1,2,0,2,1,1,0,2,1,1,2,1,0,1,2,1,1,1,2,2,1,2,1,2,0,2,1,2,2,2,0,2,2
272290,0,2,2,2,2,2,1,0,1,1,2,1,1,1,2,1,1,2,0,1,1,2,2,1,0,2,2,0,2,2,0,0,2,1,2,2,1,2,0,2,1,1,0,0,0,0,0,2,2,2,2,0,2,1,1,0,2,1,2,1,2,2,0,0,0,0,0,2,0,0,0,2,1,1,2,2,1,2,2,2,2,1,2,2,1,2,2,1,1,1,1,1,1,2,1,0,2,1,1,2,1,2,2,0,2,0,2,1,2,2,1,2,1,2,1,0,0,2,1,1,1,0,2,2,2
183490,0,2,2,1,2,2,0,2,1,0,0,2,1,0,1,2,2,2,1,0,2,1,2,1,2,2,2,1,1,1,0,0,2,0,0,1,2,2,1,1,0,1,2,1,2,2,0,2,2,0,1,2,2,0,0,1,2,2,2,2,0,2,1,0,0,0,0,2,0,1,0,2,0,1,2,2,1,2,2,2,2,0,2,2,1,1,1,1,1,2,1,0,1,2,2,0,1,0,1,0,0,2,1,0,1,0,1,1,1,1,1,1,1,2,0,1,0,2,2,1,1,1,2,2,2
35080,0,2,2,2,0,0,1,1,2,2,1,2,0,1,2,2,2,2,1,1,1,1,2,2,1,1,2,1,1,0,1,0,2,2,2,2,2,0,1,0,1,0,0,0,2,2,1,2,2,0,1,0,2,2,0,2,0,2,2,2,2,2,1,0,0,0,0,2,2,0,0,2,1,1,1,2,0,2,2,2,0,1,2,2,2,1,2,1,1,1,1,2,1,0,2,2,1,1,1,2,1,1,1,0,2,2,0,2,2,0,1,2,0,0,1,1,2,1,2,2,0,2,1,2,2
36930,0,1,2,2,2,2,1,1,1,0,1,0,1,1,2,1,1,2,1,1,2,1,2,1,1,2,0,2,2,2,2,0,0,1,0,2,2,0,1,2,2,1,1,1,1,2,1,2,0,1,2,2,1,1,2,2,2,1,2,1,1,2,2,0,0,0,0,2,1,1,0,2,1,1,2,2,1,2,2,2,2,1,1,2,2,2,2,1,1,0,1,1,1,2,1,1,1,1,2,0,0,2,1,2,1,2,1,2,1,1,2,2,1,1,1,2,1,0,1,2,1,2,1,2,2
101490,0,0,2,2,0,2,1,1,1,1,2,0,2,1,2,2,1,2,1,0,0,2,2,1,2,1,2,1,2,1,2,0,0,1,2,0,2,0,1,2,2,1,1,0,1,2,0,0,0,2,2,0,2,1,2,2,2,1,2,2,2,2,0,0,0,0,0,2,0,0,0,2,1,0,0,2,1,0,2,2,2,1,1,2,1,2,2,1,1,0,1,1,2,1,0,2,0,1,1,2,0,0,1,2,0,1,2,2,0,1,2,2,1,2,2,0,1,1,0,2,1,2,0,2,2
294090,0,0,0,0,0,2,1,2,0,2,1,2,0,0,0,2,0,2,1,1,2,2,0,1,0,0,0,2,1,1,0,0,2,0,1,2,2,1,2,2,0,0,2,0,0,2,2,0,2,2,2,1,1,2,0,2,0,1,2,0,0,1,0,0,0,0,0,2,2,2,0,1,0,0,0,0,0,0,0,0,0,0,0,0,0,0,0,0,0,0,0,0,0,0,0,0,0,0,2,2,2,1,2,2,2,1,1,2,2,1,0,1,2,2,2,2,0,2,2,0,2,1,2,2,2
53800,0,2,2,2,0,1,1,1,2,0,1,2,0,1,0,2,2,2,1,0,1,1,2,0,0,1,2,0,1,2,0,0,2,1,0,0,1,0,1,2,1,1,0,2,1,0,2,0,0,1,2,1,1,2,2,1,0,0,0,2,1,2,1,0,0,0,0,2,2,1,0,0,0,0,1,0,1,0,2,0,2,1,2,2,0,1,2,1,1,0,0,2,1,1,1,2,0,0,0,0,1,0,1,1,0,2,0,1,0,0,1,1,1,1,1,1,2,1,0,2,2,1,2,2,1
256840,0,2,0,1,2,2,0,1,1,0,2,2,2,1,1,2,2,2,1,1,1,0,2,1,2,2,2,1,2,1,2,0,2,2,1,2,0,1,2,0,1,1,2,0,1,1,2,1,2,2,1,2,2,2,2,2,2,2,2,0,1,2,1,0,0,0,0,2,2,1,0,2,0,1,2,2,1,2,2,2,2,1,1,2,1,1,2,1,1,1,1,2,1,2,2,2,1,1,1,0,1,0,2,1,2,2,1,2,0,0,1,1,1,2,1,0,0,2,1,2,2,1,1,2,1
78130,0,0,0,0,0,0,0,0,0,0,0,0,0,0,0,0,0,0,0,0,0,0,0,0,0,0,0,0,0,0,0,0,0,0,0,0,0,0,0,0,0,0,0,0,0,0,0,0,0,0,0,0,0,0,0,0,0,0,0,0,0,0,0,0,0,0,0,0,0,0,0,0,0,0,0,0,0,0,0,0,0,0,0,0,0,0,0,0,0,0,0,0,0,0,0,0,0,0,0,0,0,0,0,0,0,0,0,0,0,0,0,0,0,0,0,0,0,0,0,0,0,0,0,0,0
205470,0,0,2,2,2,2,1,2,1,1,0,2,1,1,1,2,2,2,1,0,1,1,2,1,1,1,2,1,1,2,2,0,2,1,2,1,2,2,2,2,0,1,2,2,2,1,2,1,0,1,0,2,0,2,0,0,2,0,2,1,2,1,1,0,0,0,0,2,0,0,0,2,1,1,2,2,1,2,2,2,1,1,1,2,1,0,2,0,1,1,1,2,0,1,2,2,1,1,2,2,1,1,2,2,1,2,2,2,2,1,1,1,2,2,1,2,0,2,0,0,2,1,1,2,2
58820,0,2,2,2,0,0,1,1,1,2,1,0,1,0,0,2,2,2,1,1,1,1,2,1,2,1,1,1,1,2,2,0,2,1,1,0,1,2,1,2,2,1,2,2,2,0,0,1,2,1,1,2,0,2,2,1,2,2,2,2,2,1,1,0,0,0,0,2,2,1,0,2,1,1,2,2,0,2,2,0,1,1,1,2,1,0,2,1,1,1,1,0,1,2,2,2,1,1,2,0,0,1,0,0,0,2,0,1,0,2,2,1,1,1,2,2,1,2,0,2,1,1,2,2,1
243070,0,2,2,2,2,1,0,1,1,0,2,2,0,1,1,2,0,2,1,1,1,0,1,1,0,0,1,1,1,1,0,0,1,2,2,0,1,1,2,1,2,0,1,2,2,2,2,0,2,1,1,2,1,0,2,1,2,2,2,2,0,2,1,0,0,0,0,2,2,1,0,2,1,0,2,2,2,2,2,1,1,1,0,2,2,1,1,2,0,2,0,1,1,2,2,2,0,2,1,0,1,0,1,2,2,0,2,0,1,1,1,2,1,1,0,0,2,0,2,2,0,2,1,0,1
299900,0,2,0,2,1,2,1,0,1,2,1,2,2,2,2,2,0,2,1,0,1,1,2,1,0,1,2,1,1,1,2,0,2,2,2,1,0,1,1,0,1,1,2,0,2,1,2,2,2,1,2,1,2,1,1,2,2,1,2,2,0,2,0,0,0,0,0,2,2,1,0,0,1,1,2,0,1,2,2,2,0,1,0,2,1,1,2,1,1,1,1,2,1,2,2,2,2,1,1,2,1,1,2,0,2,0,2,1,2,0,1,2,1,1,0,1,2,1,2,2,1,1,1,2,2
222080,0,1,2,2,2,2,1,0,2,2,2,2,1,1,2,1,2,2,2,1,1,2,2,2,0,2,2,1,2,1,2,0,2,1,0,0,0,2,1,2,1,1,0,0,0,1,2,0,2,0,2,2,2,1,1,2,0,1,2,0,2,2,1,0,0,0,0,2,1,1,0,2,1,1,2,1,0,1,2,2,0,1,2,2,1,2,2,1,1,1,1,2,2,1,2,2,1,1,1,2,1,0,2,0,0,2,0,1,1,2,1,2,1,0,2,1,0,2,1,1,1,1,2,2,2
52400,0,2,2,2,2,2,0,0,1,2,0,2,2,2,2,1,2,2,1,1,2,1,2,1,1,1,2,0,1,2,2,0,2,1,0,0,0,0,0,0,0,1,1,1,1,0,0,2,0,1,1,1,0,1,2,1,1,2,2,0,2,2,1,0,0,0,0,2,2,1,0,2,1,2,2,2,1,2,2,0,0,1,1,2,1,2,2,1,1,2,2,0,0,2,1,2,2,0,1,2,0,1,0,1,0,2,0,0,2,0,1,2,1,2,2,1,0,0,2,2,1,1,1,1,1
90460,0,1,1,2,0,2,1,2,0,1,2,2,0,2,2,0,2,2,1,2,2,1,1,2,2,1,2,0,2,1,1,0,2,1,2,2,0,1,1,2,0,1,1,0,0,2,1,2,2,0,2,2,2,1,1,1,0,2,2,0,0,2,1,0,0,0,0,2,2,2,0,0,1,0,0,2,1,0,2,2,2,1,0,2,0,1,2,2,1,0,1,2,1,1,0,2,1,0,0,2,1,0,2,2,2,0,1,0,1,0,1,2,1,2,1,1,2,2,1,2,1,2,2,2,2
183300,0,0,2,2,2,0,1,1,0,0,1,2,1,1,2,2,2,2,1,1,0,2,2,1,2,1,2,2,2,2,2,0,0,1,1,2,2,1,1,2,0,0,1,2,1,2,2,2,0,2,2,2,1,1,1,2,2,2,2,0,1,2,1,0,0,0,0,2,1,1,0,2,0,1,2,1,1,1,2,0,0,1,2,2,2,2,2,1,1,1,2,2,2,0,1,0,1,1,1,1,0,1,1,1,0,1,2,1,1,0,0,2,0,0,2,0,1,2,2,2,1,2,1,1,1
104480,0,2,2,2,2,0,1,1,0,2,0,2,1,1,1,2,2,2,2,0,0,2,2,1,1,2,2,1,1,1,2,0,2,2,1,1,2,0,0,0,1,1,0,2,0,2,2,2,2,1,0,2,2,1,1,2,2,1,2,0,2,1,0,0,0,0,0,2,2,1,0,2,1,1,2,2,1,2,2,2,2,1,1,2,0,1,2,1,1,1,1,2,1,2,2,2,1,1,2,2,1,1,2,1,0,2,2,0,1,2,1,2,1,0,1,1,2,2,2,1,0,0,1,2,2
33290,0,2,2,2,2,2,1,0,0,2,2,2,2,0,0,1,2,2,1,1,1,0,0,1,1,2,2,1,1,1,0,0,0,2,0,1,1,1,1,0,1,1,1,2,2,2,2,2,2,1,1,2,0,1,1,1,2,1,0,2,2,0,1,0,0,0,0,0,1,2,0,2,1,1,1,1,2,1,1,2,2,0,1,2,1,1,2,2,0,1,2,2,1,1,1,2,1,1,1,1,0,1,1,1,2,1,1,1,1,1,0,0,0,2,2,2,2,2,2,1,2,2,2,2,2
41190,0,0,2,2,2,2,1,1,2,1,2,2,0,1,2,2,2,2,1,2,1,1,2,2,0,0,2,1,0,1,0,0,2,2,2,0,2,2,1,0,1,1,1,2,2,2,0,2,2,1,2,0,0,1,1,2,2,1,2,2,2,2,1,0,0,0,0,2,1,0,0,0,1,1,2,1,2,1,2,1,1,1,1,1,2,1,2,1,1,2,1,1,0,1,1,1,1,2,1,2,1,0,2,1,2,1,2,1,2,1,1,2,1,2,2,2,2,2,1,2,2,1,2,2,1
226950,0,2,2,2,0,2,1,2,1,2,1,0,1,0,1,2,2,2,0,1,0,1,2,1,2,1,2,1,1,2,2,0,2,0,2,1,2,1,0,2,0,2,1,1,2,1,1,1,2,1,2,2,2,1,2,2,2,2,2,2,2,2,1,0,0,0,0,2,2,1,0,2,1,1,2,2,1,2,1,2,2,2,2,2,0,1,2,1,1,1,1,2,0,2,0,2,1,1,1,2,1,0,2,1,2,1,2,2,1,1,2,2,2,1,2,2,0,0,2,1,0,1,2,1,1
92190,0,0,2,2,2,2,0,1,1,1,1,2,2,1,2,2,2,2,1,1,2,0,2,1,1,0,2,1,2,1,2,0,2,0,1,2,2,0,0,0,1,1,0,2,1,2,0,1,0,2,2,2,2,1,1,2,2,2,2,2,0,2,0,0,0,0,0,2,2,1,0,2,1,0,2,0,1,2,2,0,2,2,0,2,2,2,2,1,1,0,1,1,1,2,1,2,1,1,1,0,2,2,0,1,0,2,2,2,2,1,0,2,1,0,0,2,1,1,0,1,2,1,2,2,1
100090,0,2,0,1,1,2,0,1,0,2,2,0,0,1,0,0,1,2,2,1,0,1,2,2,2,2,2,1,2,1,2,0,1,2,0,2,1,0,1,2,1,0,0,2,0,1,0,2,2,2,0,0,2,1,0,2,0,2,2,2,2,2,1,0,0,0,0,2,2,1,0,2,1,0,2,2,0,1,2,2,2,1,1,2,0,0,2,0,1,0,1,2,2,1,2,2,1,1,1,2,1,1,0,1,1,2,0,0,1,2,2,2,2,0,2,1,1,1,1,1,0,2,0,0,1
319660,0,1,2,2,2,2,1,1,1,0,1,2,0,1,2,1,0,2,1,1,2,1,2,1,2,2,0,0,2,1,2,0,1,0,0,2,2,2,1,2,2,1,0,1,1,1,2,2,1,2,2,1,1,1,0,0,2,0,2,1,2,2,0,0,0,0,0,0,1,0,0,0,1,2,0,2,1,2,2,1,2,1,0,2,2,2,2,1,1,0,1,1,2,2,0,0,0,1,1,0,0,1,0,2,2,1,1,2,2,2,0,2,0,0,1,1,1,1,1,2,1,2,0,2,1
35600,0,2,2,2,2,0,1,1,0,2,1,2,2,0,2,2,2,2,1,0,1,1,0,0,0,1,2,1,1,0,0,0,2,2,2,1,2,0,1,2,1,1,0,2,1,0,2,2,0,1,0,0,0,0,1,2,0,2,2,2,0,0,0,0,0,0,0,2,1,0,0,0,1,1,2,2,1,2,2,2,1,1,0,2,1,0,2,1,1,1,1,0,0,1,2,0,1,1,1,0,0,1,0,2,1,1,2,0,1,1,2,2,1,2,1,2,0,2,2,2,0,1,1,2,2
38500,0,2,2,2,2,1,1,0,1,2,1,2,1,1,2,2,2,2,1,0,1,2,0,1,0,0,0,1,1,0,0,0,0,0,2,2,2,1,2,1,1,1,0,2,1,1,0,2,2,1,0,0,0,0,0,0,1,2,2,0,2,2,0,0,0,0,0,0,2,1,0,0,0,1,2,1,2,2,2,2,2,1,0,2,1,0,2,1,1,1,1,2,0,0,2,1,1,1,0,2,0,0,2,0,0,2,0,2,0,2,0,0,1,2,1,0,2,1,0,2,0,0,1,0,2
42000,0,1,2,1,1,1,0,1,2,1,2,1,2,2,2,2,2,2,1,1,0,1,2,2,1,2,2,1,1,1,2,0,0,2,2,1,2,2,1,2,0,1,1,2,2,1,2,1,2,2,2,2,2,1,2,2,2,1,2,0,2,2,1,0,0,0,0,2,2,1,0,2,1,1,1,2,1,1,2,2,2,1,0,2,2,1,2,1,1,1,0,1,1,2,0,2,1,1,1,1,1,1,1,1,0,2,1,2,1,1,0,2,1,1,1,1,1,2,2,1,1,2,0,1,0
30520,0,2,2,0,2,2,1,0,1,0,1,1,2,2,2,2,2,2,1,1,1,1,0,2,1,1,2,0,2,1,1,0,1,2,1,1,1,2,1,2,2,1,1,2,2,0,0,1,1,2,0,0,2,1,2,0,2,0,2,2,0,2,1,0,0,0,0,2,2,1,0,2,1,0,2,2,1,2,2,0,2,1,0,2,2,1,2,1,1,1,1,2,1,2,1,2,1,1,1,0,1,1,0,1,1,2,2,2,1,1,2,2,2,2,1,2,0,0,0,1,2,1,2,2,2
53030,0,2,2,2,2,2,1,1,1,0,0,2,1,1,1,2,2,2,1,2,1,1,2,1,0,2,2,1,1,0,2,0,2,2,2,2,2,0,1,2,2,1,0,2,2,0,1,2,2,1,1,2,0,2,1,0,2,2,2,2,0,0,0,0,0,0,0,2,0,1,0,2,1,0,1,2,0,2,2,2,0,1,2,2,0,1,0,0,1,1,1,2,0,2,2,2,0,1,0,0,1,1,2,1,2,0,0,2,2,1,2,1,2,1,0,0,0,2,1,2,1,1,2,2,1
267980,0,2,2,2,2,1,1,2,1,2,0,2,1,0,0,2,2,2,1,2,0,1,0,0,0,1,2,0,1,2,1,0,1,1,0,2,2,1,2,1,1,1,2,2,0,2,2,2,1,1,2,1,1,2,0,1,2,0,2,1,0,1,2,0,0,0,0,0,0,1,0,0,2,0,2,1,0,0,0,0,1,1,0,1,2,0,0,1,2,0,0,2,1,1,0,0,1,0,0,2,0,2,0,2,0,0,2,2,2,0,2,1,1,2,1,2,2,0,0,2,0,1,1,2,2
137400,0,1,2,2,1,1,1,1,0,2,1,1,2,1,1,1,0,2,2,1,1,0,2,1,2,2,1,1,2,0,2,0,2,1,2,1,0,2,1,0,1,1,1,2,1,1,2,2,2,0,2,2,2,1,1,2,2,1,2,2,2,2,1,0,0,0,0,2,1,0,0,2,1,1,2,2,2,2,2,2,0,1,2,2,0,1,2,2,1,1,1,2,2,1,2,2,1,2,0,2,1,0,1,1,0,2,0,1,1,2,2,2,1,1,2,0,1,2,1,0,1,0,1,2,2
68240,0,2,2,2,0,2,1,2,0,2,1,2,1,1,2,2,2,2,1,0,1,1,1,2,2,1,2,1,1,1,1,0,0,2,0,1,1,1,2,2,1,1,2,2,1,0,2,0,2,1,1,1,2,0,1,2,1,2,1,2,1,2,2,0,0,0,0,2,2,1,0,2,1,1,2,2,1,2,2,2,1,1,2,2,1,0,1,2,1,0,1,1,0,1,2,2,1,1,0,0,1,1,2,0,2,2,0,2,1,0,2,2,0,0,1,2,1,2,1,2,0,0,0,2,0
216080,0,1,1,1,2,2,1,0,2,1,1,1,1,2,1,2,2,2,1,2,0,1,2,1,2,0,2,1,2,1,2,0,2,2,2,2,1,2,1,2,1,1,0,0,1,1,1,2,2,1,0,2,1,2,2,1,1,2,2,0,2,1,2,0,0,0,0,2,2,1,0,2,1,1,2,2,0,2,2,2,2,1,2,1,2,1,0,2,1,2,1,2,2,2,2,2,1,1,0,2,1,1,2,1,2,2,2,2,0,1,2,2,0,2,1,1,1,2,2,2,2,1,2,2,1
13120,0,2,2,2,0,1,2,0,1,1,1,2,0,0,1,0,2,2,2,0,0,0,1,1,1,0,2,0,1,0,0,0,1,2,2,1,0,2,1,2,1,2,0,0,2,0,1,0,2,0,0,2,0,2,2,1,0,0,2,0,0,2,0,0,0,0,0,2,0,0,0,0,1,1,0,0,1,0,2,0,2,0,1,0,2,1,2,1,0,0,1,0,0,2,2,0,1,2,1,0,1,1,0,0,1,1,2,2,2,2,1,2,2,0,2,0,0,2,0,1,0,0,0,0,1
95660,0,1,2,2,2,2,0,0,0,1,0,2,0,1,1,2,2,2,1,2,1,1,2,2,1,1,2,1,1,1,1,0,2,0,2,0,1,2,1,1,0,1,2,2,1,1,1,2,1,1,2,1,1,2,1,2,1,2,2,2,2,2,2,0,0,0,0,2,2,1,0,2,2,2,1,2,1,2,2,0,2,1,1,1,2,1,2,2,1,1,1,2,1,2,2,2,1,1,0,2,1,0,2,2,0,2,0,2,1,1,1,2,1,2,0,2,2,2,1,2,2,2,0,2,2
60150,0,2,2,2,1,1,1,1,1,2,1,2,2,1,0,2,2,2,1,0,1,0,0,1,1,1,1,1,2,2,2,0,2,1,0,0,0,0,1,2,1,0,0,0,2,2,2,2,2,1,0,0,0,1,0,2,0,0,2,0,2,2,1,0,0,0,0,2,2,1,0,2,1,1,2,2,1,2,2,2,1,1,0,2,0,0,2,1,1,1,1,2,0,1,2,2,1,1,1,0,1,0,0,2,2,0,2,2,0,0,2,0,0,1,1,2,1,0,1,2,0,0,0,2,1
61970,0,1,2,2,2,2,1,1,1,1,1,2,2,1,2,0,2,2,1,0,2,1,2,0,2,2,2,1,2,2,2,0,0,1,1,2,2,2,1,2,0,1,0,0,1,2,2,2,2,0,2,1,1,1,0,2,2,2,2,1,2,2,1,0,0,0,0,2,0,0,0,0,1,0,2,2,1,2,2,0,0,1,2,2,1,2,2,1,1,1,1,2,0,1,0,2,1,2,0,1,0,2,0,2,1,1,1,2,1,1,2,2,0,1,1,2,1,0,1,2,1,1,2,2,2
95610,0,1,2,2,2,2,1,0,1,1,1,2,2,0,2,2,0,2,1,1,0,0,2,2,2,2,2,1,2,0,2,0,1,0,2,1,2,2,1,2,2,1,1,2,1,0,2,2,1,2,2,1,1,1,0,2,1,2,2,1,0,0,2,0,0,0,0,2,0,0,0,2,1,0,1,2,1,0,2,1,0,1,1,2,2,1,2,1,1,2,1,0,0,0,1,2,0,2,1,1,1,0,2,2,2,1,0,2,0,2,2,2,0,2,1,0,1,1,0,2,0,1,0,2,1
89970,0,2,2,2,2,1,1,1,1,0,2,2,2,0,1,1,2,2,1,1,2,0,2,2,2,2,2,1,2,1,2,0,2,2,2,1,2,1,2,2,1,1,2,2,1,2,1,2,2,0,2,2,2,1,1,0,2,1,2,1,2,2,1,0,0,0,0,2,2,2,0,2,1,1,1,2,1,2,2,2,0,2,1,2,0,2,2,2,1,1,1,2,2,2,0,1,1,1,1,1,2,1,1,2,0,2,0,0,1,1,2,2,2,2,1,1,2,0,0,2,0,2,0,2,1
36810,0,1,2,2,0,2,1,1,1,1,1,1,1,1,1,2,2,2,1,1,2,1,2,2,2,2,2,0,2,2,2,0,2,1,2,0,2,0,0,2,1,1,1,2,1,2,1,2,0,2,2,1,2,1,1,2,2,0,2,1,1,2,1,0,0,0,0,2,0,1,0,2,1,0,2,0,1,2,2,2,2,1,0,2,2,2,2,1,1,2,1,1,0,0,2,2,1,1,1,2,0,0,1,2,0,1,1,2,1,1,1,2,1,2,1,1,2,0,2,2,0,2,2,1,2
348210,0,1,2,2,0,2,1,1,0,1,1,2,0,1,2,2,1,2,1,1,2,1,2,1,2,0,2,1,2,1,2,0,1,1,0,1,2,1,1,2,0,0,1,1,1,0,0,2,1,2,1,2,2,1,2,2,2,0,2,1,2,2,0,0,0,0,0,2,1,2,0,2,0,1,0,2,1,2,2,2,0,1,2,2,0,0,2,1,1,0,1,2,2,1,0,2,1,1,2,1,0,1,1,0,1,0,0,2,1,0,0,2,1,2,1,0,1,1,1,2,0,2,1,2,2
330860,0,1,2,2,2,2,1,1,1,1,2,1,1,2,2,2,2,2,1,1,1,0,2,2,2,1,2,1,2,2,2,0,0,1,2,2,2,0,1,2,2,1,1,2,1,2,1,2,2,2,2,2,1,2,1,2,0,2,2,0,0,2,1,0,0,0,0,2,0,1,0,2,1,1,0,2,1,2,2,2,2,1,0,2,2,0,2,0,1,1,1,1,2,2,2,2,1,1,1,1,0,2,1,2,0,1,1,1,1,2,2,1,1,2,1,2,1,1,2,2,1,0,2,2,2
263720,0,2,1,2,2,1,1,1,1,0,2,2,0,2,2,2,2,2,1,0,1,1,2,2,1,1,2,1,1,2,1,0,2,1,2,0,2,2,1,2,2,1,1,2,1,1,2,2,1,2,1,0,1,2,0,2,2,2,1,2,2,2,1,0,0,0,0,2,2,1,0,2,0,1,2,2,1,2,2,2,0,1,1,2,0,1,2,2,1,1,1,0,1,2,2,2,1,1,0,0,1,2,0,1,1,2,0,1,2,1,1,2,1,1,1,2,1,2,2,2,1,1,2,1,1
143240,0,2,2,2,2,1,0,1,1,1,2,2,0,2,2,2,2,2,1,1,2,1,0,1,2,2,2,1,1,1,0,0,2,0,1,2,2,2,1,1,0,1,1,0,1,1,0,1,2,0,0,0,1,0,1,1,2,2,2,1,2,0,2,0,0,0,0,2,1,2,0,2,0,0,2,1,0,2,0,2,1,0,1,2,2,2,0,0,0,1,0,2,0,2,2,2,2,0,0,0,1,2,0,2,0,2,0,0,2,0,0,2,0,2,0,0,0,1,0,1,2,0,1,0,0
91700,0,2,1,2,2,2,1,0,0,0,1,2,2,2,2,2,2,2,1,2,0,2,2,0,2,0,0,0,1,1,0,0,0,1,0,1,2,1,2,0,0,0,0,0,1,2,1,0,2,0,0,1,2,1,0,2,0,0,2,0,2,0,0,0,0,0,0,2,1,0,0,1,1,1,0,0,0,2,1,1,1,1,0,0,0,1,2,1,1,2,1,2,0,0,2,2,1,2,0,0,0,2,0,0,0,1,0,2,0,2,2,0,0,0,1,0,1,0,1,2,0,0,1,2,1
67000,0,2,2,2,2,1,1,2,0,2,0,2,2,0,2,2,2,2,1,0,1,2,0,2,0,1,2,1,1,1,2,0,2,2,2,0,2,2,1,2,1,1,0,2,0,2,2,1,2,0,1,1,2,1,2,0,2,2,2,2,2,2,1,0,0,0,0,2,2,1,0,2,1,1,2,2,1,2,2,2,2,1,1,2,1,0,2,1,1,1,1,2,1,1,2,2,1,1,0,2,1,1,2,1,2,1,1,2,2,2,1,0,1,2,2,2,1,1,1,2,0,0,1,1,2
204270,0,2,1,1,1,2,1,1,1,2,2,2,1,1,1,2,2,2,1,1,2,1,2,1,2,2,2,0,2,1,1,0,2,1,2,2,1,1,1,0,0,1,2,1,0,1,1,1,1,2,1,2,1,2,0,0,2,1,2,2,2,0,1,0,0,0,0,2,2,1,0,2,1,0,2,2,1,1,2,1,1,0,1,2,2,1,2,1,1,1,0,2,1,2,2,2,1,1,1,0,1,0,2,1,2,0,2,2,0,2,2,2,1,1,2,1,1,2,2,2,1,2,0,1,2
32190,0,0,2,2,2,2,1,0,0,1,2,2,2,1,2,2,2,2,1,1,1,1,2,1,1,1,0,0,1,2,1,0,2,2,2,2,2,2,0,0,1,1,2,1,1,2,2,2,2,1,1,2,0,2,1,2,0,0,2,0,2,2,1,0,0,0,0,2,2,1,0,1,1,1,0,2,2,0,2,2,2,1,1,2,0,1,2,1,1,1,1,2,2,1,2,2,0,1,2,2,0,1,0,2,1,2,2,2,1,2,0,2,0,1,1,1,1,2,1,1,1,0,0,2,1
131370,0,2,2,2,2,0,0,1,1,2,1,2,0,0,2,2,2,2,1,1,1,2,2,1,1,2,2,1,1,0,2,0,2,0,2,1,0,1,1,2,0,1,1,0,2,1,2,2,0,2,0,0,2,0,1,2,2,2,2,0,1,1,0,0,0,0,0,2,1,1,0,2,1,1,2,2,1,2,2,2,1,1,2,2,1,2,2,2,1,1,2,1,2,0,1,2,1,1,0,2,1,1,2,0,2,2,0,2,2,0,2,1,1,1,2,2,0,0,2,0,2,1,0,1,0
321550,0,2,2,2,2,2,0,2,1,2,0,2,1,2,1,2,2,2,1,1,2,1,2,1,2,0,2,1,2,1,2,0,2,2,0,0,2,2,1,0,0,1,1,0,2,0,0,1,2,1,2,1,2,2,1,2,1,2,2,2,2,1,1,0,0,0,0,2,0,1,0,2,1,1,0,2,0,2,2,2,2,1,2,2,2,1,2,1,0,1,1,0,2,0,2,2,1,1,0,0,1,1,2,1,1,2,2,2,0,0,0,1,1,1,2,0,1,0,0,1,1,1,1,2,0
347860,0,2,2,2,2,1,0,2,1,0,1,1,1,2,2,2,2,2,1,1,1,1,1,2,1,1,2,1,2,1,2,0,2,2,1,1,2,2,1,2,2,1,0,2,2,1,0,1,1,2,2,2,2,0,0,1,2,2,2,2,2,2,1,0,0,0,0,2,2,1,0,2,1,1,2,2,1,2,2,0,2,1,1,2,1,1,2,1,1,1,1,2,0,0,2,2,1,1,1,2,1,1,2,1,2,2,0,1,0,0,2,2,0,1,0,1,2,2,1,2,2,2,2,2,1
3800,0,2,2,0,2,2,0,2,0,0,0,0,2,0,0,1,2,2,0,2,0,0,0,0,0,1,0,0,0,1,0,0,0,0,0,2,1,2,0,0,0,0,2,1,0,0,0,2,0,0,0,1,0,0,0,0,0,0,2,0,2,2,2,0,0,0,0,0,2,1,0,2,1,1,0,0,0,1,2,2,0,1,0,2,0,1,0,0,1,0,1,1,0,1,2,2,0,0,2,1,1,0,2,0,0,0,2,0,0,0,0,0,0,2,0,1,2,1,0,1,1,2,1,0,2
32300,0,1,2,2,0,0,0,0,1,2,2,2,1,1,1,2,2,2,1,0,1,1,2,1,2,2,2,1,1,0,2,0,2,2,2,1,1,2,1,2,2,1,1,2,2,2,2,0,2,1,1,0,2,0,2,2,2,2,2,2,0,2,1,0,0,0,0,2,2,1,0,2,1,1,2,2,1,2,2,2,1,1,1,2,1,1,0,2,1,0,1,1,1,2,1,1,0,2,2,2,2,1,2,2,2,1,2,2,0,1,2,1,1,2,1,2,2,2,1,2,1,1,2,2,2
122450,0,2,2,2,1,2,1,2,0,0,2,2,0,2,1,2,1,2,2,1,0,1,2,1,1,0,2,2,1,2,2,0,0,2,0,1,2,2,2,2,0,1,0,0,2,0,0,0,2,2,1,0,0,1,1,0,1,2,2,1,2,2,1,0,0,0,0,1,2,0,0,2,0,1,2,1,0,1,2,2,0,0,2,2,2,2,1,0,1,1,2,2,1,0,0,0,1,0,0,1,0,0,1,2,2,2,1,2,1,1,0,2,0,0,2,0,1,0,2,1,0,2,1,2,2
206640,0,1,1,2,0,2,1,1,0,1,1,2,1,2,2,0,2,2,1,1,2,1,2,1,1,2,1,1,0,0,1,0,1,2,2,2,1,0,1,1,1,1,1,1,2,2,0,2,1,1,1,2,2,2,0,1,2,2,2,1,1,0,0,0,0,0,0,2,2,1,0,0,0,1,0,2,1,2,2,2,0,1,2,2,0,2,0,1,1,1,1,1,2,2,0,2,1,1,1,2,1,2,1,1,1,1,2,2,1,1,0,1,2,1,0,2,1,0,1,2,0,1,1,2,2
15750,0,1,1,1,1,1,1,1,0,1,2,1,2,2,1,2,1,2,2,1,2,2,2,2,2,2,2,1,2,1,2,0,2,2,1,2,0,2,2,2,1,1,1,2,2,0,2,2,2,2,2,2,0,1,1,2,2,1,2,0,1,2,1,0,0,0,0,2,0,1,0,2,1,0,2,2,0,1,2,2,1,1,2,2,1,2,2,0,1,1,1,2,2,0,2,2,1,1,1,2,2,1,1,2,1,0,1,2,2,2,2,2,0,2,1,2,1,2,1,1,1,2,1,1,2
60720,0,2,0,2,1,2,1,1,2,1,0,0,2,1,2,2,0,2,1,2,1,1,2,2,2,2,2,2,2,1,2,0,2,0,2,1,2,0,0,2,2,1,1,2,1,2,2,2,2,2,1,2,2,1,2,2,1,1,2,0,0,2,1,0,0,0,0,2,2,1,0,0,1,1,2,2,1,2,2,2,0,1,2,2,1,0,2,2,1,0,1,0,2,1,1,2,1,2,0,1,0,0,2,2,2,2,0,1,2,0,0,2,1,2,0,0,1,1,0,2,1,0,0,2,1
43150,0,2,1,2,2,1,2,1,2,1,2,2,2,2,2,2,2,2,1,1,1,0,2,1,2,2,1,1,2,0,2,0,2,2,1,2,0,2,1,2,0,1,0,0,1,0,0,2,2,1,0,2,1,2,2,0,2,0,2,1,2,2,0,0,0,0,0,2,1,1,0,2,0,1,2,1,1,0,2,0,2,1,2,2,1,0,2,1,1,0,1,2,1,2,2,2,1,1,1,0,1,2,2,2,2,1,2,0,2,2,0,2,0,0,0,1,0,1,1,2,2,1,1,0,2
6730,0,1,1,2,2,1,2,0,1,2,1,0,2,0,1,2,2,2,1,1,2,1,2,1,2,0,0,0,1,2,1,0,2,0,2,0,0,0,1,2,0,1,1,1,2,0,2,2,2,1,0,2,2,2,1,2,2,0,2,2,0,2,0,0,0,0,0,2,2,1,0,2,1,0,2,1,1,1,2,0,0,1,1,2,1,0,1,0,1,1,1,0,2,0,2,0,1,1,1,2,0,0,2,2,2,1,1,2,1,0,2,2,1,0,1,0,0,1,1,2,1,0,1,1,1
89030,0,1,2,2,0,2,1,1,1,2,1,0,2,1,2,2,2,0,1,0,2,2,2,2,2,0,2,1,2,2,0,0,2,1,1,2,2,1,1,2,2,0,1,0,1,2,2,2,2,2,1,2,2,1,1,2,2,2,2,1,1,2,1,0,0,0,0,2,0,1,0,2,1,1,1,2,1,2,2,1,2,1,1,2,2,1,1,1,1,2,1,0,2,2,1,2,0,1,1,2,1,2,0,2,1,1,2,2,2,1,0,2,2,2,1,2,1,1,2,2,1,1,1,1,2
348150,0,2,0,2,2,2,1,1,1,2,2,2,1,0,1,2,2,2,1,1,2,1,2,1,2,0,2,1,0,0,2,0,2,2,2,1,2,0,1,2,2,1,1,1,2,2,0,1,2,1,1,2,2,1,1,2,2,2,2,2,2,2,1,0,0,0,0,2,2,1,0,2,1,1,2,2,2,2,2,2,0,1,1,2,2,1,2,1,1,1,1,2,1,2,2,2,1,1,1,1,2,1,2,0,2,2,1,2,1,0,0,1,2,0,0,2,2,2,1,0,0,1,0,0,1
319400,0,1,2,2,1,2,0,0,0,2,0,2,1,2,2,2,2,2,1,1,1,1,2,2,1,0,2,1,1,1,2,0,2,2,2,1,2,1,0,2,1,0,0,0,1,1,1,1,2,1,2,2,2,1,1,2,2,2,2,2,2,2,1,0,0,0,0,2,2,1,0,2,1,1,2,2,1,2,2,2,1,1,0,2,2,1,2,2,1,1,1,1,2,1,2,1,1,1,2,2,0,1,0,2,0,2,0,1,0,2,2,2,1,2,1,2,2,2,0,1,0,1,0,2,2
232140,0,1,2,2,2,2,1,1,1,1,1,2,2,1,2,2,2,2,1,1,1,1,2,2,2,2,2,1,2,0,2,0,2,1,0,0,2,1,1,2,0,1,1,1,1,2,2,2,2,2,1,2,0,1,0,2,0,2,2,0,2,0,1,0,0,0,0,2,0,1,0,2,1,0,0,2,1,2,2,2,1,1,2,2,2,1,2,2,1,1,1,1,2,0,0,2,1,1,0,1,0,0,0,2,1,1,0,2,1,2,2,2,1,2,1,2,1,1,1,2,1,1,0,1,1
83790,0,2,0,2,0,2,1,1,2,0,2,2,1,2,0,2,2,2,1,1,1,1,2,1,2,2,1,1,1,1,2,0,2,2,2,1,0,2,1,1,0,2,1,2,2,2,1,2,2,1,0,2,2,0,1,2,2,2,2,1,2,2,1,0,0,0,0,2,1,1,0,2,0,2,2,2,1,2,2,1,1,0,1,2,1,1,2,2,1,2,1,1,1,2,2,2,0,1,0,1,0,0,2,0,2,2,0,2,1,2,2,0,0,2,1,1,1,2,0,2,0,1,1,2,1
299030,0,1,2,1,2,1,1,1,1,2,2,1,2,0,1,1,2,2,2,1,1,2,2,2,2,2,1,1,2,0,1,0,2,1,1,1,2,2,1,2,1,2,1,1,1,0,0,2,2,2,2,2,2,1,1,0,2,1,2,2,2,2,1,0,0,0,0,2,2,1,0,2,1,1,2,2,2,2,2,2,2,2,2,2,2,2,2,2,1,1,1,2,2,2,2,2,1,2,1,2,1,0,1,1,1,2,0,1,1,2,2,2,2,0,2,0,1,2,1,1,1,1,2,0,2
49070,0,0,2,2,2,2,1,2,1,2,1,2,2,1,2,2,2,2,1,0,1,1,2,2,1,2,2,0,2,1,2,0,2,0,1,2,2,0,1,2,1,1,1,1,2,0,1,2,1,2,2,2,1,1,2,2,2,0,2,1,0,2,1,0,0,0,0,2,2,1,0,0,1,1,2,2,1,2,2,2,2,1,2,2,1,1,2,1,1,1,1,2,0,0,1,2,1,1,1,2,1,0,0,2,0,1,1,2,1,2,2,2,1,2,1,1,2,1,1,0,1,2,1,2,2
67310,0,0,2,2,2,2,1,1,1,2,0,1,2,2,2,0,0,2,1,1,2,1,2,0,2,2,2,0,2,0,2,0,2,1,1,2,0,1,1,0,2,1,1,1,1,1,1,1,1,2,2,0,2,1,2,2,0,2,2,2,2,2,1,0,0,0,0,2,1,1,0,2,1,1,1,2,1,2,2,1,2,1,0,2,2,2,2,1,1,0,1,1,2,2,1,2,1,1,2,2,0,2,1,2,1,0,1,2,1,2,2,2,1,2,1,2,1,0,1,2,1,2,0,0,2
36030,0,2,2,2,0,1,1,0,0,2,1,2,2,2,0,2,2,2,1,1,1,1,2,2,0,1,2,2,1,0,0,0,2,2,0,1,1,2,1,2,1,1,1,2,0,0,2,1,2,0,0,2,0,2,1,1,2,0,2,2,0,1,1,0,0,0,0,2,2,1,0,2,1,0,0,0,1,2,2,2,1,1,1,2,0,1,1,0,1,1,1,0,0,1,0,2,2,1,1,2,1,1,0,2,1,1,2,1,2,1,2,2,1,2,1,0,0,1,1,2,0,2,1,2,2
121800,0,0,0,0,0,0,0,0,0,0,0,0,0,0,0,0,0,0,0,0,0,0,0,0,0,0,0,0,0,0,0,0,0,0,0,0,0,0,0,0,0,0,0,0,0,0,0,0,0,0,0,0,0,0,0,0,0,0,0,0,0,0,0,0,0,0,0,0,0,0,0,0,0,0,0,0,0,0,0,0,0,0,0,0,0,0,0,0,0,0,0,0,0,0,0,0,0,0,0,0,0,0,0,0,0,0,0,0,0,0,0,0,0,0,0,0,0,0,0,0,0,0,0,0,0
33310,0,2,2,0,1,2,0,2,0,2,2,2,0,2,1,2,2,2,1,1,1,1,0,1,2,2,0,1,1,0,0,0,0,2,0,1,2,2,2,0,0,1,1,2,2,2,0,2,0,2,1,2,2,1,2,2,0,2,2,0,0,0,0,0,0,0,0,2,0,1,0,2,2,1,2,2,0,2,1,2,0,1,1,2,2,2,2,1,1,2,1,2,1,2,2,2,1,1,0,0,1,0,2,2,0,1,1,2,2,2,2,0,0,1,0,2,1,2,1,2,1,2,2,2,2
86390,0,1,2,2,2,2,1,1,0,2,1,1,2,1,2,2,2,2,1,1,0,0,1,2,2,1,2,1,0,2,0,0,1,2,2,1,0,0,2,2,0,1,1,1,1,0,0,2,0,0,2,0,2,1,2,2,2,1,2,2,0,2,0,0,0,0,0,2,2,1,0,2,1,1,0,2,1,1,2,2,1,1,2,2,2,0,2,2,1,1,1,2,0,0,2,2,1,1,1,2,0,1,1,2,0,0,0,2,1,0,2,2,0,2,1,1,1,1,1,2,1,1,1,1,1
78020,0,0,2,2,2,0,0,0,1,0,2,2,2,2,2,2,2,2,0,1,1,1,2,0,1,0,2,1,0,0,2,0,2,2,2,1,0,2,2,0,0,1,0,0,2,0,0,0,2,0,0,0,2,2,1,0,1,2,1,2,2,0,1,0,0,0,0,2,1,1,0,0,1,2,0,0,1,1,2,2,2,1,1,2,0,2,0,1,1,0,1,2,2,0,2,2,1,1,0,2,1,1,0,0,2,1,0,0,0,1,1,1,0,1,2,0,2,2,1,1,2,1,0,2,1
102710,0,0,2,2,2,2,1,1,0,0,0,1,2,2,2,0,2,2,1,1,0,2,2,2,2,2,0,1,2,1,2,0,2,1,1,2,2,2,1,2,0,0,0,1,1,0,0,2,2,0,2,0,2,1,2,2,0,2,2,1,2,2,2,0,0,0,0,2,2,1,0,0,1,1,0,2,0,2,0,2,2,1,2,2,2,0,0,1,1,1,1,1,0,2,2,1,1,1,1,0,2,1,1,0,2,1,0,0,1,2,2,2,0,2,1,0,1,1,0,2,1,0,2,1,1
314130,0,2,2,2,2,2,2,1,1,2,2,2,1,2,1,2,2,2,1,1,0,1,2,1,2,1,2,1,0,1,2,0,2,0,2,1,1,2,1,2,2,2,1,2,2,2,2,1,2,1,1,1,2,2,1,2,2,2,2,0,2,2,1,0,0,0,0,2,2,1,0,2,1,1,2,2,0,2,2,2,0,1,2,2,0,1,2,1,1,1,1,2,0,2,2,2,1,1,0,1,1,2,2,1,2,2,0,2,2,0,2,2,0,1,2,1,0,2,1,2,2,0,1,2,1
35890,0,2,0,2,2,1,2,1,2,2,1,2,2,1,2,2,1,2,1,0,0,2,0,2,1,1,1,2,1,1,0,0,2,2,0,1,0,2,1,0,1,2,0,2,1,0,2,2,0,1,0,0,0,1,0,2,1,2,2,2,2,0,0,0,0,0,0,2,1,1,0,2,1,1,1,0,2,1,1,2,2,1,1,0,1,1,1,2,1,0,1,2,2,1,0,0,2,0,0,2,1,0,1,0,2,1,1,2,0,0,0,2,1,0,0,0,2,0,0,0,0,1,2,2,2
32620,0,2,2,0,2,2,0,1,0,2,2,2,1,1,1,2,2,2,1,1,2,1,2,1,2,2,2,1,1,2,2,0,2,2,1,1,0,1,1,2,1,1,1,2,2,1,0,1,2,1,1,2,2,1,1,0,2,2,2,1,2,2,1,0,0,0,0,2,2,1,0,2,1,1,2,2,1,2,2,2,0,1,0,2,0,0,2,1,1,1,1,2,1,2,2,2,1,1,1,0,0,1,0,2,1,2,2,0,0,1,2,1,2,0,2,0,1,0,1,2,0,0,0,2,2
64260,0,1,2,2,2,1,1,1,0,1,0,0,2,1,0,2,2,2,1,2,1,1,0,0,2,1,2,1,1,1,2,0,2,2,2,1,0,0,1,0,1,1,1,2,0,0,2,1,2,1,1,1,2,0,1,2,2,2,2,2,2,2,0,0,0,0,0,2,1,1,0,2,1,1,2,2,1,0,2,2,1,1,1,2,2,1,2,1,1,1,1,2,0,1,2,1,1,1,1,2,1,0,2,1,2,2,2,2,2,1,1,2,1,1,2,2,2,1,1,2,2,1,2,2,2
287410,0,1,1,2,2,0,2,1,1,1,2,2,1,1,2,1,2,2,1,1,2,1,2,1,1,2,2,0,1,2,1,0,1,0,0,1,2,2,1,2,1,2,1,1,1,0,2,1,2,1,0,2,2,0,2,2,2,1,2,1,2,1,2,0,0,0,0,2,1,1,0,2,1,1,2,2,0,2,2,2,1,1,1,2,0,1,2,1,1,2,1,2,1,1,1,0,2,2,2,0,1,0,0,1,2,2,1,2,2,0,2,2,1,2,2,1,2,0,1,2,1,1,2,1,2
110790,0,2,0,2,0,0,1,0,1,2,0,0,2,2,0,2,2,2,1,1,0,0,0,2,1,1,0,1,1,0,0,0,0,0,0,1,1,2,0,0,0,1,2,1,0,0,2,2,2,0,1,2,2,2,1,0,0,2,2,1,0,2,1,0,0,0,0,2,1,0,0,0,0,0,0,0,0,0,0,2,2,2,1,0,0,1,2,1,2,0,0,2,2,0,2,2,0,2,1,0,0,1,0,0,2,2,0,2,0,0,2,0,1,0,1,2,1,2,1,1,1,2,0,0,1
99320,0,2,2,2,2,1,1,2,0,0,0,2,2,1,2,2,2,2,1,0,1,1,2,2,0,0,2,1,1,1,0,0,2,0,2,1,2,0,1,0,1,1,1,2,2,1,2,0,2,1,1,0,2,1,2,1,2,2,2,2,2,2,1,0,0,0,0,2,2,1,0,0,1,0,0,2,1,2,2,2,0,0,0,2,1,0,2,1,1,1,1,0,2,0,2,0,1,0,0,2,0,0,0,1,2,2,1,1,1,0,2,2,1,2,0,1,2,0,2,0,2,2,1,1,1
